x,y,z,uuid,type,alive,display_name,custom_name
-33.5,98.0,-24.5,14be1482-09a0-4deb-9388-d4ebd28de314,minecraft:end_crystal,true,End Crystal,[null]
-41.5,104.0,-0.5,899ecbae-9e0d-435c-958c-2228217ccb14,minecraft:end_crystal,true,End Crystal,[null]
-12.5,95.0,-39.5,aebcfa4d-b9a4-4050-a6a5-c62ed1b92dde,minecraft:end_crystal,true,End Crystal,[null]
12.5,80.0,-39.5,e785c73a-fca5-4d34-844b-d1b5bfbe19b7,minecraft:end_crystal,true,End Crystal,[null]
-33.5,89.0,24.5,f07b12f2-205d-44ba-9bcf-237bd3f1d056,minecraft:end_crystal,true,End Crystal,[null]
-12.5,77.0,39.5,5324312e-eef1-466b-b6d9-3b14aa0cad9b,minecraft:end_crystal,true,End Crystal,[null]
12.5,83.0,39.5,041f78b6-806f-4dab-baee-6c46fedea6b4,minecraft:end_crystal,true,End Crystal,[null]
33.5,92.0,-24.5,4c6cf065-2807-40ea-bd92-f9cdeeb3a6ab,minecraft:end_crystal,true,End Crystal,[null]
42.5,101.0,0.5,a29ad1c9-455c-4319-9af2-76519a2b7e17,minecraft:end_crystal,true,End Crystal,[null]
33.5,86.0,24.5,5f8aa96f-4956-4266-9340-74efe98b7e32,minecraft:end_crystal,true,End Crystal,[null]
-66.65542867712416,61.0,27.65615628893941,ec579672-90d7-43b7-9926-5493206cc707,minecraft:enderman,true,Enderman,[null]
-89.10390810410262,57.0,11.571368223188315,e6bfdb49-c67f-40b9-bc4c-56559090fff3,minecraft:enderman,true,Enderman,[null]
-78.5,58.0,8.5,6959ce1d-e478-4e1f-9ab2-ea1f70891155,minecraft:enderman,true,Enderman,[null]
-79.5,58.0,7.436556179710253,ae60b705-10a5-48a2-a61d-01cb2f590261,minecraft:enderman,true,Enderman,[null]
-76.5,58.0,3.5,fe052803-d80a-479d-86b0-3cab74b37bd0,minecraft:enderman,true,Enderman,[null]
-58.5,61.0,16.5,2b852a17-bcae-4012-aed4-678bcd08954f,minecraft:enderman,true,Enderman,[null]
-55.294003859429665,61.0,27.277551988783504,660d2d9a-3e40-4fb7-bd2f-413e00c0c40f,minecraft:enderman,true,Enderman,[null]
-55.5,61.0,16.5,febcbf34-473d-4aa1-82e8-b3d0ee49630e,minecraft:enderman,true,Enderman,[null]
-53.21890871989204,61.0,5.782274429433805,061deded-9b31-4467-af64-b5cf95215441,minecraft:enderman,true,Enderman,[null]
57.86990279573453,52.0,63.59512047456102,b879b69d-2f41-4bbe-aa19-b75ffbc0d18c,minecraft:enderman,true,Enderman,[null]
3.5,62.0,30.5,dee0ca88-6534-40e6-8191-9e360058fb14,minecraft:enderman,true,Enderman,[null]
160.29796186414856,127.85002540047422,5.302879168780345,18d00de1-95aa-483c-991c-82d43dab00e1,minecraft:enderman,true,Enderman,[null]
22.257125612289727,59.0,76.74268573508222,05df2c3f-04bf-4698-803f-1c0d93cc286e,minecraft:enderman,true,Enderman,[null]
16.5,59.0,86.5,fa68f09a-7cd4-4999-97f7-e0ed94ef6564,minecraft:enderman,true,Enderman,[null]
16.496218468669355,60.0,75.54940119901808,fc321041-6cdd-4980-a295-cec6ec3da818,minecraft:enderman,true,Enderman,[null]
18.45054981880625,59.0,81.37861123125803,bcbd310f-cbab-455b-9bec-fc8952061058,minecraft:enderman,true,Enderman,[null]
92.5,58.0,13.5,37b6b6a5-0d91-474a-bb3d-2e7d87ee8ed6,minecraft:enderman,true,Enderman,[null]
106.28662618424752,57.0,10.728034213772434,41ead291-9c13-4aa9-a302-0c6c98684178,minecraft:enderman,true,Enderman,[null]
102.13775387296346,57.0,11.448338574257853,46ee63d1-3278-4346-83fe-37cf43b9d8ca,minecraft:enderman,true,Enderman,[null]
87.75353225217508,58.0,6.754827894077526,6a56ee39-bd79-4fae-b862-aaa2fbb4ff2e,minecraft:enderman,true,Enderman,[null]
6.398061922269695,59.0,92.45307434532563,90d5526f-0fd5-43d6-86cc-7850a20b4f5c,minecraft:enderman,true,Enderman,[null]
12.327418926694635,58.0,93.51281655871132,932dc1fd-50ef-447a-b497-99d66df4fd36,minecraft:enderman,true,Enderman,[null]
5.5,59.0,93.5,08f9fa7c-9976-4bf7-8a98-eb0f30de75ef,minecraft:enderman,true,Enderman,[null]
2.5,59.0,88.5,cee7e713-af1d-4de1-96f2-dc08d1d9970f,minecraft:enderman,true,Enderman,[null]
25.72999027317074,80.80684210957267,3.6993797591872766,48117ca7-db3b-4150-aed1-4a59d07f4aa1,minecraft:ender_dragon,true,Ender Dragon,[null]
10.502825350169333,50.0,-88.6930235179557,9d394bf6-30d9-452e-915d-10adae12d841,minecraft:enderman,true,Enderman,[null]
33.5,34.0,-84.5,41b18e53-6455-4bd7-b324-659dc27f604a,minecraft:enderman,true,Enderman,[null]
27.49224367703387,36.0,-86.59297267445481,b8ca8b03-cafb-484a-a3e3-ae7391c869ca,minecraft:enderman,true,Enderman,[null]
28.5,34.0,-95.5,2e04663d-e95c-46fa-af77-46a9bcfad01b,minecraft:enderman,true,Enderman,[null]
27.5,34.0,-96.5,c7670e13-3589-46ca-8630-1429941ca2a0,minecraft:enderman,true,Enderman,[null]
65.30491556537852,58.0,-32.28923150220204,914b6216-29d2-4d50-81b9-028b988c9cb6,minecraft:enderman,true,Enderman,[null]
62.3529207817322,61.0,-20.650519289208944,55a7840c-feb5-4b70-820b-24ef2ec904f4,minecraft:enderman,true,Enderman,[null]
55.684142810170876,57.0,-24.287747646062197,c502ffe3-e3a8-4846-8ea1-a10c352ebcb4,minecraft:enderman,true,Enderman,[null]
75.4171627756773,60.0,-26.726006409941856,1370fee2-eb94-4649-8298-b786f41b43d2,minecraft:enderman,true,Enderman,[null]
-45.357633469946954,62.0,-35.35582654911305,759fcb2c-6d85-4674-a9bc-854c8145a75c,minecraft:enderman,true,Enderman,[null]
-53.582683839164254,58.0,-25.937408785965907,e122e7e6-90a0-4767-95a1-05592ae42f5c,minecraft:enderman,true,Enderman,[null]
-49.54014043003494,61.0,-34.78303171626909,62542b9e-be9c-4b4c-be86-7d2cf38f3eef,minecraft:enderman,true,Enderman,[null]
-50.618419732319786,61.0,-34.33945096430146,a6de2fdd-4b7f-447b-b388-f49aaa0b7946,minecraft:enderman,true,Enderman,[null]
46.5,58.0,-18.5,3c3dc01f-65f2-45a0-b1c9-833f2c3c7b4a,minecraft:enderman,true,Enderman,[null]
38.18953263903365,58.0,-24.81047025113388,aa5f4d9f-bd9b-4494-b402-6fc6735f8ec5,minecraft:enderman,true,Enderman,[null]
49.5,58.0,-19.5,89bf0fbd-a44d-45a4-ad69-b88764299933,minecraft:enderman,true,Enderman,[null]
38.89830378031707,58.0,-24.101677818701962,7ee74ca3-b736-41de-a7a5-3e7e97a3c4a4,minecraft:enderman,true,Enderman,[null]
64.5,25.0,44.5,a62b4277-8fa6-432f-9a6e-5537bc7da940,minecraft:enderman,true,Enderman,[null]
49.226845080485425,63.0,13.773154919514576,bfece2cb-2338-404d-b5ca-ba953833ef93,minecraft:enderman,true,Enderman,[null]
44.57649847217762,63.0,24.512486907652153,16d5f179-551f-43b5-8a14-6be5d4cda437,minecraft:enderman,true,Enderman,[null]
50.28402119617822,63.0,9.715899611046739,19b5a58d-1856-4f58-b02e-3edcf0b42303,minecraft:enderman,true,Enderman,[null]
46.47549763634117,63.0,-2.487514029732224,c287ce90-ba7f-4704-8a29-482ba9607b40,minecraft:enderman,true,Enderman,[null]
48.73477126053478,57.0,70.26525508301884,3e4636a6-fc88-4dfd-ad64-429e54d77177,minecraft:enderman,true,Enderman,[null]
53.68463094647228,57.0,62.30897944623312,06590dac-e4f3-4d59-b356-e8e95394cfdb,minecraft:enderman,true,Enderman,[null]
57.49892260045314,59.0,46.5746380352265,6f00629b-c60b-4b8a-9712-a7a613f6ca06,minecraft:enderman,true,Enderman,[null]
50.71350640248744,59.0,48.71359176107838,99914f2f-ca48-493c-a18d-eb9bf54f67e8,minecraft:enderman,true,Enderman,[null]
-21.5,62.0,32.5,e4846297-936e-430c-ac48-d43d2ac7add4,minecraft:enderman,true,Enderman,[null]
-26.25202677026876,62.0,29.750255627539143,db27ba57-005c-4618-843e-ef8ad86b9188,minecraft:enderman,true,Enderman,[null]
-22.76219883274422,62.0,26.757852526894848,4a3f80b2-b695-4e69-a0c9-a1f41ec1c858,minecraft:enderman,true,Enderman,[null]
-19.5,62.0,30.5,381321b0-f6d6-488b-af65-f37bf6ebc467,minecraft:enderman,true,Enderman,[null]
19.5,59.0,-22.5,bb909d6f-8fb5-48df-89c4-9c9c5966bdfe,minecraft:enderman,true,Enderman,[null]
13.751056294474507,61.0,-28.242128175551674,5195c96a-2121-4d8a-96e2-73226176e8a0,minecraft:enderman,true,Enderman,[null]
22.5,59.0,-21.5,89b5e1f9-caec-4bb0-8140-4154db68655a,minecraft:enderman,true,Enderman,[null]
28.348059502159487,59.0,-19.351866741412483,2f08301c-fe6b-4be2-bf9e-6b5b833c865e,minecraft:enderman,true,Enderman,[null]
0.7222168782507762,58.0,101.69885293563681,d5fa19bc-2b0f-4f98-b4c7-b808663a94e9,minecraft:enderman,true,Enderman,[null]
-9.269258239472391,57.0,100.73566723402901,5e386477-7f63-4559-9079-d44f3ea93227,minecraft:enderman,true,Enderman,[null]
6.437905286949202,58.0,94.61299006994511,49d9b8bd-a29c-4062-ae76-c49eddf89e7c,minecraft:enderman,true,Enderman,[null]
9.652125923001103,59.0,89.65960287775538,75e3a766-82df-4557-be42-7976e43f2688,minecraft:enderman,true,Enderman,[null]
17.249587520892092,59.0,88.74902291955861,99d77f45-d97d-4d58-a951-55bf98c2e082,minecraft:enderman,true,Enderman,[null]
8.5,58.0,96.5,b29b00fa-59f4-466f-8172-f8203c9f50b8,minecraft:enderman,true,Enderman,[null]
29.5,58.0,81.5,451247c4-2143-44ef-b2ac-abf03cebdc06,minecraft:enderman,true,Enderman,[null]
31.34821546930681,59.0,77.65790650265724,ddfc25b2-4ab8-46c9-adb4-9bfb7d7c7d46,minecraft:enderman,true,Enderman,[null]
27.262694918337502,58.0,85.25615761174998,e7f59dfe-bb8c-481d-87a6-ed83eef3de06,minecraft:enderman,true,Enderman,[null]
16.756596176701496,59.0,79.74794464997902,b15021b9-38ca-4d14-8ac3-078d2811c67c,minecraft:enderman,true,Enderman,[null]
-62.76811589962735,61.0,31.761167151493712,0a386a41-81b2-49eb-abdb-6cbdb73407df,minecraft:enderman,true,Enderman,[null]
-60.71957163436761,61.0,27.733219683136852,ba1eb389-aaae-406f-909b-f0fc7cc1c679,minecraft:enderman,true,Enderman,[null]
