x,y,z,uuid,type,alive,display_name,custom_name
-112.49997058276954,64.0,-138.34314612407206,b93f59b5-844c-428d-89a1-7483a0a381d7,minecraft:piglin,true,Piglin,[null]
-118.69999998807907,67.0,-129.48406948578847,9b9b24b5-c638-4d6d-a640-e3aaa9387db9,minecraft:piglin_brute,true,Piglin Brute,[null]
-118.02155186944363,67.0,-129.49221483794278,52df8590-fce1-4184-b330-c3bc136a4e40,minecraft:piglin_brute,true,Piglin Brute,[null]
-122.20278757688536,50.0,-134.5767239996208,a4cd4464-b2b8-421c-8dbb-f33122f9ab39,minecraft:piglin_brute,true,Piglin Brute,[null]
-111.59426107897629,62.0,-132.52503040503223,054031e2-1393-468f-8b7d-61042b93ee15,minecraft:piglin_brute,true,Piglin Brute,[null]
-112.69999998807907,61.0,-133.69999998807907,470f8aa5-0994-4d0b-93da-acc7a42cabaa,minecraft:piglin,true,Piglin,[null]
-112.69999998807907,61.0,-131.98783087873161,25d28bfb-c27a-453a-8e0d-c23a75bb04eb,minecraft:piglin,true,Piglin,[null]
-112.30000001192093,61.0,-133.13850139883047,76f4b489-4394-437b-ae7c-610e6fa66696,minecraft:piglin,true,Piglin,[null]
-112.30689689028249,61.0,-132.53575474026673,2e9dada4-0a92-43f8-80e9-81e19114d352,minecraft:piglin,true,Piglin,[null]
-112.69999998807907,61.0,-133.15736626169934,661d8483-1d5c-4af1-a18d-800f862dff5b,minecraft:piglin,true,Piglin,[null]
-113.23011026989208,65.0,-120.83082915145341,35c28e00-f2cb-4938-88c7-64110e116118,minecraft:piglin,true,Piglin,[null]
-119.30000001192093,33.0,-102.69999998807907,afd02297-748b-4a38-a691-3e96917ee791,minecraft:piglin,true,Piglin,[null]
-119.4095370993131,33.0,-102.07193166321672,ea346a0e-df87-4818-ad5e-959faec90248,minecraft:piglin,true,Piglin,[null]
-113.52711280529893,40.0,-89.82714546976038,c802bab1-74c3-4961-9250-6a75faa2c074,minecraft:piglin,true,Piglin,[null]
-122.77510963851131,31.5,-12.136491304212893,8692b809-cc1b-4e9d-98a8-6d4af53f7f50,minecraft:strider,true,Strider,[null]
-112.30000001192093,60.0,-131.36641126410643,623c367e-8b4a-491b-9516-6cf52bfa8ac8,minecraft:piglin,true,Piglin,[null]
-112.15621323972712,62.0,-131.90362632049235,20874f50-2bfe-406b-a094-b1cd2e0347b1,minecraft:piglin,true,Piglin,[null]
-110.30000001192093,63.0,-131.30000001192093,bfa249b1-6782-41e6-b7cf-31534e3de188,minecraft:piglin_brute,true,Piglin Brute,[null]
-111.59492885275887,63.0,-130.82255677431291,d52a6352-f46c-4492-96de-b57ac28b3b18,minecraft:piglin,true,Piglin,[null]
-86.1603514707662,36.0,-120.5360180159608,c3cc47ad-a95f-43fd-a1a7-20b3626fa7ec,minecraft:piglin,true,Piglin,[null]
-92.52721794076383,41.0,-104.4688714447423,beedab3b-314c-4ade-bf4e-bf862d8acd6e,minecraft:piglin,true,Piglin,[null]
-80.90878603884867,31.5,-100.48298957694463,98fd2852-5c6c-40e2-9747-140812094b23,minecraft:strider,true,Strider,[null]
-93.50203502939618,38.0,-91.30000001192093,cceab3c7-82ff-4193-b152-b42cc0295042,minecraft:piglin_brute,true,Piglin Brute,[null]
-67.39246597308869,60.0,-136.21098840758148,a5dd8347-7b2d-46a5-a112-24c53ded8b4e,minecraft:piglin,true,Piglin,[null]
-70.49916513136381,31.5,-83.15045110358622,691159b5-6f54-449d-ab4e-7282abcaae3b,minecraft:strider,true,Strider,[null]
-40.789011559086326,31.5,-54.88604911330439,18f44ac4-289a-413a-a9f4-f0a5fc5d44b6,minecraft:strider,true,Strider,[null]
-29.912929163456354,31.5,-69.91293342990204,556f9fe3-a301-4750-a52b-010c8d2459ca,minecraft:strider,true,Strider,[null]
-29.912929163456354,33.15000004768372,-69.91293342990204,a0be63ba-42c8-434c-99c2-1e873d63fb46,minecraft:strider,true,Strider,[null]
-29.107377572211973,31.5,-40.107583158317816,453a4668-3fc6-4912-8a8b-2fb47e5588e4,minecraft:strider,true,Strider,[null]
-5.856591362552699,31.5,-85.23437669196375,49c62e21-ffde-4810-ac47-f6e3e5bb2fd2,minecraft:strider,true,Strider,[null]
-96.13443424434296,67.0,-144.01580155730514,c52e5fd0-a8e3-4822-a9dd-8391dbf9824d,minecraft:piglin,true,Piglin,[null]
-86.58403246022236,67.0,-144.02167384980447,c3cee7e4-df2c-4872-9c6f-9726e000a5e5,minecraft:piglin,true,Piglin,[null]
-148.0,31.0,-95.0,c5041376-0e23-48c1-9fd1-a372755eee8f,minecraft:strider,true,Strider,[null]
-150.0,31.0,-94.0,64e67031-593d-423b-a9bd-a8ab964869d5,minecraft:strider,true,Strider,[null]
-132.86711918577143,31.5,15.39449198496712,4b4228db-6fd4-49fd-9e76-1b56b708c579,minecraft:strider,true,Strider,[null]
45.80021594981144,31.5,-104.11200453237815,0d886664-0c4e-4a4c-a465-896d09b7ba3a,minecraft:strider,true,Strider,[null]
67.0,31.29999995231628,-113.0,980cc1d6-9175-4899-9379-3e60172d84e9,minecraft:strider,true,Strider,[null]
67.0,32.35999999999999,-113.0,6b23f01f-e509-450b-94d7-a1316fe39121,minecraft:zombified_piglin,true,Zombified Piglin,[null]
43.576476964529256,31.5,119.85219471573036,84cb13ae-e863-4398-958f-583159d8159e,minecraft:strider,true,Strider,[null]
57.581460752929544,31.5,125.14484313339359,df3d41bc-608e-4d4c-94c9-90670cead816,minecraft:strider,true,Strider,[null]
84.0,31.0,161.0,4a8aff02-7357-49f7-8c41-441d5eb49cd9,minecraft:strider,true,Strider,[null]
88.0,31.0,161.0,d688bc7f-9d8f-48c2-9a91-67dfdd8f0262,minecraft:strider,true,Strider,[null]
161.2880859375,46.4365234375,167.418212890625,19e2dbae-67f4-474e-9a73-4a5ebb8c73e7,minecraft:item,true,Brown Mushroom,[null]
162.3896484375,46.279296875,167.400390625,2965bc4a-95db-442c-ad91-662fbeb26a63,minecraft:item,true,Brown Mushroom,[null]
163.553955078125,45.312255859375,168.5537109375,f3314477-e997-4d02-8ce5-158717d7f910,minecraft:item,true,Brown Mushroom,[null]
165.3671875,44.3994140625,169.56494140625,cc64241b-6d6b-45c8-be35-1bb31647d9c9,minecraft:item,true,Brown Mushroom,[null]
102.0,31.0,190.0,5cb0be3f-6fbd-4b22-b81a-5c79e2837510,minecraft:strider,true,Strider,[null]
101.0,31.0,186.0,7c72cf29-f094-458a-b959-f6ca60736bc7,minecraft:strider,true,Strider,[null]
132.0,31.0,-253.0,7776beae-83df-495c-a0ed-05396edf6716,minecraft:strider,true,Strider,[null]
159.53556885778755,103.0,-81.86937204693335,798c2337-87d2-46e5-9f10-4196074da292,minecraft:piglin,true,Piglin,[null]
138.6982421875,55.0,14.055711698313777,f88bb9bf-7727-47f9-84b3-9e759ba4d340,minecraft:hoglin,true,Hoglin,[null]
55.88179627501089,69.0,-37.404609622937286,a3b0e075-0155-4019-8a7b-bb0e4893ed44,minecraft:hoglin,true,Hoglin,[null]
110.48237638112239,37.0,-159.78457473473117,4ccac118-91d5-40df-a859-ae88e7fe0aca,minecraft:piglin,true,Piglin,[null]
48.890696572053585,76.0,13.3805272600607,d4107bef-aa78-45e6-82f3-9bf59fbb9e7d,minecraft:hoglin,true,Hoglin,[null]
51.570472953648135,31.5,-93.18761929252778,d4dbf76c-51a3-42b8-804d-25f9172ae251,minecraft:strider,true,Strider,[null]
145.43542165238287,63.0,-86.83866732117077,b26a16ac-0616-48af-b585-9fb13250e0b6,minecraft:piglin,true,Piglin,[null]
56.59279237835731,74.76636799395752,-4.44910554301082,29a2c861-b3ef-49d4-803b-5d2317e03c5e,minecraft:piglin,true,Piglin,[null]
135.50153641555715,54.0,29.159995356762106,d0216c4f-baaa-42c5-9b91-45745870eeef,minecraft:piglin,true,Piglin,[null]
54.63194146002948,74.0,16.934410685339632,5851b290-52f5-4f0b-92cb-65357974d99c,minecraft:hoglin,true,Hoglin,[null]
111.3203111551828,91.0,-138.49999585652563,0eb99493-0a0f-4fee-ae4b-b1c5ca0cd11f,minecraft:piglin,true,Piglin,[null]
110.6982421875,67.0,42.93298351032875,fa30c6cb-a05b-478c-80b3-f6155c3a8b0b,minecraft:hoglin,true,Hoglin,[null]
78.84398592023399,89.0,-103.05969669604278,12e0463d-e523-445e-a794-0a97222d4802,minecraft:hoglin,true,Hoglin,[null]
117.51347197541449,59.0,-121.02661973245814,734878ed-598e-47d6-b8c0-9618aff9264e,minecraft:piglin,true,Piglin,[null]
126.0921396324618,91.0,-68.05976523559586,f376977a-9d0e-341e-a1f5-7db1941c23d9,minecraft:player,true,Jh0nD,[null]
70.55240919430314,61.0,-131.87433042826652,1c6244a7-0d8e-4bfc-b4be-d854b303e4e3,minecraft:hoglin,true,Hoglin,[null]
66.84681495100716,83.0,-135.76299076327547,1d03fd41-0fb1-491a-a95a-5476a47aaff7,minecraft:hoglin,true,Hoglin,[null]
36.60533124603151,71.0,-21.231318336493494,1ba2f126-e246-4eb0-961b-e1e4d07ac07f,minecraft:piglin,true,Piglin,[null]
131.8373597618641,80.0,-2.5565980903069843,fef783e3-d861-4d74-945d-ccd48efdf23d,minecraft:piglin,true,Piglin,[null]
108.13535050869282,37.0,-104.20667948505913,09fb0f2e-7910-47c1-ae57-8f8bb7293412,minecraft:piglin,true,Piglin,[null]
96.94979441306369,61.0,-85.22447141286766,f4efb58f-9373-494f-921f-4e0e2100c8b7,minecraft:hoglin,true,Hoglin,[null]
34.45166610239038,44.0,-10.414030373350874,175c57c2-e8a2-47e8-be33-c355bbc9a2a7,minecraft:piglin,true,Piglin,[null]
68.65026007662513,66.0,-45.282086759613335,d315c4f3-50b3-4017-9119-b37755cbdca1,minecraft:piglin,true,Piglin,[null]
27.275960891664614,82.0,6.743904322345716,64b0a738-129e-4a29-96b2-b1c3e72e673d,minecraft:piglin,true,Piglin,[null]
126.77874119253582,80.0,-2.4324828585121527,dd244491-09af-49f5-a889-3473a5d84ddd,minecraft:piglin,true,Piglin,[null]
153.16158705737385,53.0,-39.20828020348578,4cc35226-9911-49cc-b425-7eabdc60a4b2,minecraft:zombified_piglin,true,Zombified Piglin,[null]
136.53706138251823,61.0,-63.447269385141226,169503d1-820c-44a7-a85a-1919c0fb3c91,minecraft:piglin,true,Piglin,[null]
177.940690421507,60.0,-51.489083186895705,2cd84f61-7ac9-43f6-8ed5-b0f15d38c686,minecraft:piglin,true,Piglin,[null]
128.0706844270188,72.0,11.66938391865752,d8d790f9-3f4c-49a0-a083-6d4b18da7c74,minecraft:piglin,true,Piglin,[null]
100.79873894294175,61.0,-83.47008697790224,52ec58bb-b557-458b-a28d-b4b5dbcf7694,minecraft:piglin,true,Piglin,[null]
129.26271597385443,103.0,-21.79332200469753,b822d1a8-be57-4f7f-87b4-b2aa31d0138e,minecraft:piglin,true,Piglin,[null]
89.45888641974415,57.0,-85.55503099985425,c337ff36-1311-45d3-9e09-31627c0f12f8,minecraft:piglin,true,Piglin,[null]
179.01481722157018,61.0,-57.030570979209074,d9cd9414-b711-4ecb-893c-dfd1a29b86fc,minecraft:piglin,true,Piglin,[null]
62.56146304068984,69.0,-38.82138053297249,4cdad6de-fcff-4baf-9d24-2783c9f13da9,minecraft:piglin,true,Piglin,[null]
45.85180423344064,31.5,-94.2229170313461,7a2e8300-07f8-459e-90b2-4c338b129630,minecraft:strider,true,Strider,[null]
99.16238773630315,76.0,-4.441474853868467,260019e1-458c-42d8-a9f2-a30e56977c0b,minecraft:piglin,true,Piglin,[null]
64.12501062705385,35.0,-119.12282503292747,d524b806-2397-4630-b27c-aa2dda480032,minecraft:piglin,true,Piglin,[null]
28.94979725337484,81.0,-129.04518092224214,90733201-9c1d-4f68-8d5f-7a7ca0b9e540,minecraft:hoglin,true,Hoglin,[null]
149.02008551301532,99.0,-18.6982421875,a6cbe686-fbec-4dd0-8b58-05414a6a79f4,minecraft:hoglin,true,Hoglin,[null]
30.223979575281078,65.0,-42.54634813105666,9c1fc007-66fd-4f27-bc17-ccce8e9b3a7b,minecraft:piglin,true,Piglin,[null]
28.49429934745162,64.0,-39.76681496046923,ff4e9dce-8292-4e52-905b-50867bf00c94,minecraft:piglin,true,Piglin,[null]
63.344171359820095,75.0,-15.616208760949181,ea700eb3-25b5-4ebd-9cea-5dfd68049791,minecraft:hoglin,true,Hoglin,[null]
159.73366238410696,60.0,-58.462113531044245,ee7ba4b4-348b-469e-b791-fd687ba67607,minecraft:piglin,true,Piglin,[null]
159.3734343550019,103.0,-81.30000001192093,e0765f22-a537-43e1-ab12-95cfa1604417,minecraft:piglin,true,Piglin,[null]
218.26051778232497,63.0,-109.57377059439293,082f1b04-e3b5-4f6a-9be7-5896db53cdc5,minecraft:hoglin,true,Hoglin,[null]
120.26947479601569,40.00133597911215,-37.48725618128834,d06f890a-ffde-4b8f-bcc0-30e2e9c630b9,minecraft:piglin,true,Piglin,[null]
79.66476912315794,73.0,-132.48927548490522,8d58cab7-9943-4c85-8d26-1b053c3880f6,minecraft:piglin,true,Piglin,[null]
146.01012368508083,36.0,-30.61410058777245,99444fad-6375-4efa-b774-f69a78d4817e,minecraft:hoglin,true,Hoglin,[null]
69.50100427410862,77.0,-125.23591355945518,aaf9b60f-04cd-4a9c-a815-3e0ca9024007,minecraft:piglin,true,Piglin,[null]
78.3017578125,34.0,-107.01558377568895,80357a20-5746-42c3-afdd-d5fbf277af44,minecraft:hoglin,true,Hoglin,[null]
145.41769513822365,88.0,-78.20202858060927,a296723c-241d-4cd2-aeea-9e02358d93b2,minecraft:piglin,true,Piglin,[null]
94.89777562708088,67.0,45.37140935745696,f6bf2826-6c10-4003-a0f5-f90c9da4a188,minecraft:hoglin,true,Hoglin,[null]
164.2672212856541,70.0,-0.49750910985028207,c398c388-13ec-4514-b911-b073a71c05e1,minecraft:piglin,true,Piglin,[null]
211.34912109375,35.0,-59.73940854294614,575e2bbb-a751-4f8c-a785-9f88c87efa1d,minecraft:hoglin,true,Hoglin,[null]
163.26948384840128,70.0,1.6827142165481708,a5b5fb1e-febf-44ff-a3c0-b9ffe6f348cf,minecraft:piglin,true,Piglin,[null]
198.85754567109242,31.5,-218.7719295476963,85daf136-4053-47a1-8f97-2d9425f4a555,minecraft:strider,true,Strider,[null]
170.13989832705602,60.0,-49.93264315057225,fecc3e28-a729-4298-be97-43f28d601db9,minecraft:piglin,true,Piglin,[null]
112.15491822775277,53.0,-92.05752088282132,8ba12ae5-f113-4b9c-9ebc-02035182a6ec,minecraft:hoglin,true,Hoglin,[null]
85.58379368570256,68.0,25.822957507312275,045f7a32-84f3-49a2-b6b2-e0a3240d108f,minecraft:piglin,true,Piglin,[null]
136.51941657451934,42.0,-38.75391552075152,87b9318a-0987-431b-a332-24faad168a21,minecraft:zombified_piglin,true,Zombified Piglin,[null]
102.24489948215422,69.0,32.54561933012928,dc6aaf80-a7e3-4142-acf1-bb032e653a38,minecraft:piglin,true,Piglin,[null]
123.17065467543712,68.0,-32.2871068614954,ea356a4e-e86d-452d-8abb-910aabc521c8,minecraft:hoglin,true,Hoglin,[null]
47.16123241473774,47.0,-45.97241231777287,ab33abee-3730-4838-839c-966114137e82,minecraft:hoglin,true,Hoglin,[null]
57.20449356262508,43.0,-43.557815635827744,23030894-21c0-4470-975a-4862bc275bc4,minecraft:piglin,true,Piglin,[null]
51.11926644676641,44.0,-45.812303942372246,bb605b0f-eb0c-492f-b450-2d6e992dc0f5,minecraft:piglin,true,Piglin,[null]
147.20767602726042,89.0,-94.49005115568909,0931bb34-fff9-4014-b213-89afe794e27d,minecraft:piglin,true,Piglin,[null]
33.211669921875,44.0,-10.24169921875,c9dd37a8-742b-4775-b9c0-a71f71d94fcc,minecraft:item,true,Raw Porkchop,[null]
79.69999998807907,62.0,-117.06580061259629,8ce2fccf-3417-4830-b9ff-c8b99d75dc37,minecraft:piglin,true,Piglin,[null]
51.21343070975367,69.0,-35.78495930897981,27126e13-dc8c-4c23-b159-b198b1ebc690,minecraft:hoglin,true,Hoglin,[null]
45.37965431330997,75.76636799395752,16.405582278215245,d19eb4cf-a1a1-48a6-a855-de48efce461b,minecraft:piglin,true,Piglin,[null]
58.12648508658211,31.5,-92.19371442208877,b467733c-b4d9-4be9-a985-91c4efbc70d9,minecraft:strider,true,Strider,[null]
52.5,31.5,-85.5,bb32f6ad-cfef-48b5-b96f-de4b87b6a81e,minecraft:strider,true,Strider,[null]
197.9277588122683,61.0,-122.92975916710076,d9f08355-ce60-4629-80b7-be5b6741b410,minecraft:hoglin,true,Hoglin,[null]
106.06890762938305,62.0,-81.92651324380245,5ec4ce68-5575-4d9b-bef6-460886d9da36,minecraft:piglin,true,Piglin,[null]
298.0,31.0,-69.0,01d24306-08fc-4154-bf28-fe1a04c1a64b,minecraft:strider,true,Strider,[null]
298.0,31.0,-69.0,306ba2ed-ba01-4eec-bc4b-b0749d58120e,minecraft:strider,true,Strider,[null]
138.0,31.0,-243.0,dc5ae735-3432-4948-8de7-b49b3470eab9,minecraft:strider,true,Strider,[null]
137.0,31.0,-242.0,6e401c44-987b-44f1-958b-ff8dd5176fe8,minecraft:strider,true,Strider,[null]
203.1102613116218,37.0,-56.49826862511937,5321b80f-797f-4f7d-9d16-f04d2f9ae9cc,minecraft:hoglin,true,Hoglin,[null]
171.48512237519134,98.0,1.5496613497095166,fd3cf202-4f63-40b4-9960-eba78cfa0ebf,minecraft:zombified_piglin,true,Zombified Piglin,[null]
114.5,89.0,-91.5,e0ccc5ea-4280-485b-9991-471d0c8eebe0,minecraft:hoglin,true,Hoglin,[null]
