x,y,z,type
120,-45,141,minecraft:sculk_sensor
127,-44,143,minecraft:sculk_sensor
117,-51,154,minecraft:sculk_sensor
121,-53,149,minecraft:sculk_sensor
118,-52,153,minecraft:sculk_sensor
124,-53,150,minecraft:sculk_sensor
127,-50,150,minecraft:sculk_sensor
122,-53,150,minecraft:sculk_sensor
124,-52,152,minecraft:sculk_sensor
127,-43,158,minecraft:sculk_sensor
115,-50,148,minecraft:sculk_sensor
127,-49,153,minecraft:sculk_sensor
115,-49,153,minecraft:sculk_sensor
143,-38,140,minecraft:sculk_sensor
138,-37,133,minecraft:sculk_sensor
141,-38,134,minecraft:sculk_sensor
134,-41,140,minecraft:sculk_sensor
131,-41,140,minecraft:sculk_sensor
141,-39,135,minecraft:sculk_sensor
142,-38,135,minecraft:sculk_sensor
131,-36,134,minecraft:sculk_sensor
139,-40,137,minecraft:sculk_sensor
138,-40,138,minecraft:sculk_sensor
137,-34,131,minecraft:sculk_sensor
140,-38,144,minecraft:sculk_sensor
133,-40,147,minecraft:sculk_sensor
136,-40,144,minecraft:sculk_sensor
134,-39,147,minecraft:sculk_sensor
129,-43,153,minecraft:sculk_sensor
135,-40,144,minecraft:sculk_sensor
146,-35,141,minecraft:sculk_sensor
146,-36,139,minecraft:sculk_sensor
145,-37,137,minecraft:sculk_sensor
119,-45,172,minecraft:sculk_sensor
124,-43,160,minecraft:sculk_sensor
118,-42,167,minecraft:sculk_sensor
122,-43,164,minecraft:sculk_sensor
115,-46,173,minecraft:sculk_sensor
119,-45,171,minecraft:sculk_sensor
126,-42,167,minecraft:sculk_sensor
113,-45,174,minecraft:sculk_sensor
119,-44,169,minecraft:sculk_sensor
121,-44,167,minecraft:sculk_sensor
129,-43,160,minecraft:sculk_sensor
119,-46,176,minecraft:sculk_sensor
113,-46,176,minecraft:sculk_catalyst
-207,-51,108,minecraft:sculk_sensor
-218,-52,95,minecraft:sculk_sensor
-209,-52,110,minecraft:sculk_sensor
-217,-43,110,minecraft:sculk_sensor
-223,-46,101,minecraft:sculk_sensor
-211,-52,109,minecraft:sculk_sensor
-215,-47,112,minecraft:sculk_sensor
-219,-37,117,minecraft:sculk_sensor
-227,-43,108,minecraft:sculk_sensor
-226,-43,107,minecraft:sculk_sensor
-232,-43,112,minecraft:sculk_sensor
-233,-42,114,minecraft:sculk_sensor
-230,-42,112,minecraft:sculk_sensor
-240,-39,114,minecraft:sculk_sensor
-239,-39,113,minecraft:sculk_catalyst
-240,-39,113,minecraft:sculk_sensor
-232,-54,165,minecraft:mob_spawner
-241,-35,107,minecraft:sculk_sensor
-252,-42,118,minecraft:sculk_sensor
-242,-40,113,minecraft:sculk_sensor
-241,-40,112,minecraft:sculk_sensor
-248,-42,116,minecraft:sculk_sensor
-245,-41,117,minecraft:sculk_sensor
-267,-48,112,minecraft:sculk_sensor
-266,-49,116,minecraft:sculk_sensor
-267,-50,120,minecraft:sculk_sensor
-272,-54,120,minecraft:sculk_sensor
-274,-52,113,minecraft:sculk_sensor
-277,-55,116,minecraft:sculk_sensor
-273,-53,114,minecraft:sculk_sensor
-279,-53,124,minecraft:sculk_sensor
-277,-53,125,minecraft:sculk_sensor
-278,-51,112,minecraft:sculk_sensor
-140,-51,352,minecraft:mob_spawner
-184,-48,362,minecraft:mob_spawner
222,-49,-361,minecraft:sculk_sensor
227,-48,-361,minecraft:sculk_sensor
224,-52,-364,minecraft:sculk_sensor
229,-44,-361,minecraft:sculk_sensor
237,-34,-358,minecraft:sculk_sensor
239,-34,-360,minecraft:sculk_sensor
238,-35,-364,minecraft:sculk_sensor
246,-33,-367,minecraft:sculk_sensor
243,-32,-363,minecraft:sculk_sensor
255,-40,-366,minecraft:sculk_sensor
249,-37,-364,minecraft:sculk_sensor
251,-40,-368,minecraft:sculk_sensor
250,-39,-365,minecraft:sculk_sensor
251,-40,-366,minecraft:sculk_sensor
259,-39,-367,minecraft:sculk_sensor
256,-40,-367,minecraft:sculk_sensor
263,-41,-354,minecraft:sculk_sensor
258,-39,-365,minecraft:sculk_sensor
258,-38,-357,minecraft:sculk_sensor
259,-48,-344,minecraft:sculk_sensor
262,-48,-344,minecraft:sculk_sensor
257,-49,-342,minecraft:sculk_sensor
258,-50,-340,minecraft:sculk_sensor
257,-50,-339,minecraft:sculk_sensor
257,-53,-331,minecraft:sculk_sensor
261,-50,-332,minecraft:sculk_sensor
262,-49,-335,minecraft:sculk_sensor
259,-52,-330,minecraft:sculk_sensor
260,-51,-330,minecraft:sculk_sensor
258,-52,-330,minecraft:sculk_sensor
258,184,-268,minecraft:campfire
356,-51,-273,minecraft:mob_spawner
