x,y,z,uuid,type,alive,display_name,custom_name
-121.41041668877006,150.0,-85.99621972777622,adf75f76-3a7d-481f-9122-225f4d05cf0f,minecraft:turtle,true,Turtle,[null]
-115.94375002384186,148.0,-59.08957408391728,8d6ab0d4-e420-4239-bc34-91bc58a39f58,minecraft:turtle,true,Turtle,[null]
-118.04665440237085,136.0,-34.34375002235174,1c292281-3114-4a81-8e7f-a76a621e2957,minecraft:turtle,true,Turtle,[null]
-105.14531604847673,136.0,-46.43013662779691,6a6d9a07-f181-4afb-8965-7b05e1e0e2c7,minecraft:chicken,true,Chicken,[null]
-85.00000007941667,118.0,-38.072346393783846,069a3c13-5d72-4551-a90e-b5fe33f79e16,minecraft:turtle,true,Turtle,[null]
-85.86458366171568,103.0,-2.900986296815326,cfd08302-b8b4-4e67-b56c-d18f697fd54a,minecraft:turtle,true,Turtle,[null]
-49.055258093728085,-1.0,-98.91797393243486,b6bad326-d53f-418c-a53b-2a091a455aed,minecraft:turtle,true,Turtle,[null]
-35.269126229533825,157.0,-130.55000001192093,42eeb1a7-0d79-4d88-88ad-6ebeeae77077,minecraft:pig,true,Pig,[null]
-46.901839287131224,-1.0,-100.09424863585947,fb119dca-db91-40ec-9362-76247bacb0d9,minecraft:turtle,true,Turtle,[null]
-34.26524952531032,-28.0,-112.18351998810522,df508a50-7d57-424d-b8db-f2a84940f0f8,minecraft:turtle,true,Turtle,[null]
-36.4193076611759,134.0,-79.11836710715997,3ff9851d-f3b8-453c-b966-12acc8ae0882,minecraft:chicken,true,Chicken,[null]
-39.771300258110095,129.0,-70.11146007323657,ef722fe1-5a60-4832-9875-b964ae3f0b1e,minecraft:chicken,true,Chicken,[null]
-40.91281026173463,124.0,-51.97076963531343,9e457142-c73f-4227-9854-ad5b9731b8a7,minecraft:turtle,true,Turtle,[null]
32.03643228332531,116.0,15.225000023841858,5fac9d36-36de-49f8-b8b7-ff4750b293ca,minecraft:turtle,true,Turtle,[null]
-25.343705361035987,70.0,-21.1183967106087,96399e00-dbb9-4185-8c2c-f4edca64139f,minecraft:turtle,true,Turtle,[null]
-20.278354399398697,141.0,-82.04174249092763,58d58cac-c17d-4882-9fe2-05396565d853,minecraft:turtle,true,Turtle,[null]
-25.900126886289083,119.0,-83.92023766691966,ad7bcbe9-5914-4818-9766-92fbc51c8d87,minecraft:turtle,true,Turtle,[null]
-25.916648541115133,115.0,-86.07844961694641,c57cfb5c-6153-4a36-b680-628d506941fe,minecraft:turtle,true,Turtle,[null]
-27.326219273866407,119.0,-85.99560255648531,c18cf855-dee8-4b6c-b6e1-562affa28544,minecraft:turtle,true,Turtle,[null]
-18.510194241074714,135.0,-64.80275083592066,c78679a0-efd3-4126-8ce0-858ca6a44f3f,minecraft:cow,true,Cow,[null]
-16.04608599424215,68.0,-24.572961973922524,4ed4483b-77e1-4b40-b1bd-7ce1bbefe0fb,minecraft:turtle,true,Turtle,[null]
-23.343570106506572,69.1875,-23.279723999898884,c9feea2c-0101-4e83-8984-c6b03adcefb4,minecraft:turtle,true,Turtle,[null]
-14.921567308144175,133.0,-85.05880831408126,3f176e8c-b10b-478e-85e6-684e6ba5fc86,minecraft:turtle,true,Turtle,[null]
-8.938198687981762,149.0,-60.24115326087734,c70ba8cd-530e-441d-bf32-92b7dfaa8197,minecraft:pig,true,Pig,[null]
-1.7406266676485573,154.0,-65.20246885808162,84de03bc-1523-48cb-8f5e-d7646dbd722a,minecraft:pig,true,Pig,[null]
-155.5,203.0,-151.5,e4a282c8-706a-431d-b440-092d29a9378e,minecraft:sheep,true,Sheep,[null]
-142.20421118821287,181.0,-144.38240617098734,ffa2b2f4-3db8-4633-acda-e22b6f04a87a,minecraft:cow,true,Cow,[null]
-115.77871580093723,178.0,-149.08145823290923,6f08d879-5a1a-4d3a-9d6f-7b4fc8027e65,minecraft:frog,true,Frog,[null]
-118.68348856517977,178.0,-150.28745166909331,2810882c-300e-4d0b-b69d-1d80df0c7f91,minecraft:frog,true,Frog,[null]
-123.88334658237967,180.0,-144.27892454407672,07ffd895-aa42-4d5a-93f1-e0e78551f8a2,minecraft:turtle,true,Turtle,[null]
-101.05980255030155,176.0,-151.9220502882017,4a090021-dbd0-415f-ae4b-096972f054ac,minecraft:turtle,true,Turtle,[null]
-85.62798969311189,172.0,-144.02619926889403,d840b7dc-3b94-4a17-9c04-dd3d5fd08b4b,minecraft:frog,true,Frog,[null]
-91.53057851764257,173.0,-144.00744272032796,24da3c47-6ffc-4f2a-a196-bbe61556d132,minecraft:frog,true,Frog,[null]
-98.36907966051503,174.0,-148.02890397478828,23cc0f19-bba2-4531-bc3b-e441b7beee97,minecraft:frog,true,Frog,[null]
-90.0881511835057,173.0,-156.8632495373827,50f3b51e-d996-4ecd-ae51-64945c359617,minecraft:chicken,true,Chicken,[null]
-82.25714880989999,169.0,-146.1973722967746,1712c081-347a-4666-a0b4-a343f40f3ee1,minecraft:frog,true,Frog,[null]
-87.65921923613146,173.34669265815418,-144.03757861003015,28ff8c17-7a59-4f95-8704-4a3c28a1eec0,minecraft:frog,true,Frog,[null]
-92.39546831635005,173.0,-148.50086924086304,aa1e8513-e0e6-465f-af5a-7f78d571d985,minecraft:frog,true,Frog,[null]
-93.79658768387986,173.0,-144.05103063080003,bc554e9b-3586-4eb6-9cdc-60895e8082ab,minecraft:chicken,true,Chicken,[null]
-89.09518403496247,173.0,-149.00982875526404,8976ec98-69e7-4308-bf77-da118967a647,minecraft:sheep,true,Sheep,[null]
-85.68217379239282,174.08347866556352,-144.06887189342604,b5700d79-0e6c-4430-9005-0d495ee3c410,minecraft:frog,true,Frog,[null]
-92.93481835425521,173.0,-147.46576693851173,25079566-07a0-4c9f-a3b8-86045e78bbce,minecraft:frog,true,Frog,[null]
-88.17879541249943,173.0,-148.14107848981482,38abf061-4107-4a97-adc7-967d00432b3a,minecraft:sheep,true,Sheep,[null]
-86.02155513300619,173.0,-155.09969276235756,867ce812-abcd-4a2a-bb63-adb33a7ffe28,minecraft:frog,true,Frog,[null]
-88.98011338473647,173.23667699089077,-144.01802250681237,ac2f321e-90be-45ee-86ec-936989738419,minecraft:frog,true,Frog,[null]
-95.04662638278218,174.0,-148.90657272869245,e63c7f28-a749-4a79-80aa-8aa962a2ef96,minecraft:frog,true,Frog,[null]
-86.76192618947294,173.0,-148.64656043863843,cbf37d85-dece-48f3-b2c7-8588c4666e5f,minecraft:frog,true,Frog,[null]
-82.58492731283474,170.0,-147.4125756513631,e5a5d360-1860-4ae7-88d5-f062e3b52e41,minecraft:frog,true,Frog,[null]
-91.15572808250487,173.0,-144.07975209151158,30cd8620-38de-428d-aff2-d8ff4230eda8,minecraft:chicken,true,Chicken,[null]
-88.14481296315103,173.0,-146.9758311399511,725b7e4b-e038-4cdc-b2f9-241c920be5d6,minecraft:frog,true,Frog,[null]
-88.16602422170929,173.0,-144.0082985385628,4ebe899b-3836-42f4-904b-e58ba37e86fc,minecraft:frog,true,Frog,[null]
-81.90143511510469,170.0,-145.1150146665152,a6ca73d3-ad8a-4470-804d-a0f003ab81b9,minecraft:turtle,true,Turtle,[null]
-89.18788167911643,173.0,-144.02458889380233,473bb52a-9dd6-4085-99d5-77f7715a8a6b,minecraft:frog,true,Frog,[null]
-87.87174837161379,173.0,-151.63888171635077,1e8a1ba1-7a8b-4795-b7f2-0b1317b8a1ce,minecraft:frog,true,Frog,[null]
-90.85968600577733,173.0,-146.648649235408,ad8f329c-9f35-4e0b-9b74-acf573365462,minecraft:frog,true,Frog,[null]
-89.55857222839575,173.0,-144.53540123785533,95f12029-d207-4ce7-aba7-7d9e84466ce9,minecraft:frog,true,Frog,[null]
-89.18382189730076,173.0,-147.71340505136823,d247f76c-143f-463a-887f-1bf16645427c,minecraft:frog,true,Frog,[null]
-93.44135422181449,174.0,-152.37803176202084,0ccfafa5-5d8c-4c41-baec-70250f5ac60e,minecraft:frog,true,Frog,[null]
-81.7706137643872,172.0,-150.07807670692097,40982cea-f1b1-47b2-b9b0-f8ea41085430,minecraft:frog,true,Frog,[null]
-85.93675486541306,172.0,-139.05881191515618,b9d652d1-fa37-45df-a977-f42374546f7b,minecraft:frog,true,Frog,[null]
-84.29357526038537,172.0,-144.01647763261494,3c946ed9-ad65-40ab-83b9-07eb837a9030,minecraft:frog,true,Frog,[null]
-84.24828095373763,171.0,-149.95921431377965,b8a690ef-10a2-4a4b-9a2b-93ff2e5a0edf,minecraft:frog,true,Frog,[null]
-74.09747814883963,167.0,-166.08546821183813,8a2d4949-205e-49cb-93bb-540cb5b7eb23,minecraft:chicken,true,Chicken,[null]
-60.24754794205826,163.0,-157.27032406298807,f079ee56-1a52-4566-8248-d14b52d6dd43,minecraft:frog,true,Frog,[null]
-72.8880310371839,168.0,-150.12818608582614,2f7592c5-7346-4210-a8b3-24312321d80e,minecraft:frog,true,Frog,[null]
-62.828189375874494,166.0,-149.2181305368039,27f9cbba-9a84-41d9-9687-65f0803f0165,minecraft:turtle,true,Turtle,[null]
-83.47624541219695,168.0,-119.52232976173887,a888973f-19d0-4a9a-8e80-b98e9577228b,minecraft:turtle,true,Turtle,[null]
-54.2099810426461,167.0,-146.58562339778314,7a9174b8-0313-4501-9ee7-2807b97f34b8,minecraft:frog,true,Frog,[null]
-64.73000276446776,166.0,-149.23403024872593,1d3143b1-65bb-48af-a41c-888366338eab,minecraft:frog,true,Frog,[null]
-54.42384719184417,166.0,-151.21930336440207,624f1338-bbee-4747-9804-e1fab408fcd4,minecraft:cow,true,Cow,[null]
-56.97022591505482,171.88563396580372,-144.00370502376055,31e0d9e0-567c-4bb2-a471-4f0374697a3d,minecraft:frog,true,Frog,[null]
-49.149137512133215,166.0,-146.80027472410075,9c8a5710-bc94-452c-a128-acdde5464a20,minecraft:chicken,true,Chicken,[null]
-32.26761572151635,169.0,-151.89418085125612,a7f2e9b7-c86a-4001-8b98-ef5b3c470d74,minecraft:frog,true,Frog,[null]
-34.4155808880935,163.20693690114,-144.0061081011502,2a04a8db-7adb-4b6e-8d43-27ef1681c1ec,minecraft:chicken,true,Chicken,[null]
-39.809882470249505,169.67660965001306,-155.364852510541,6dbaf622-50ee-4872-8f3a-8ec6d9fe10ef,minecraft:frog,true,Frog,[null]
-32.93815655465476,165.0,-147.53750921505588,cbbba620-04db-4bb4-ab19-c2702accbecd,minecraft:frog,true,Frog,[null]
-34.006716334984645,166.0,-147.78807040515383,9930be51-b254-47e2-8aec-d21c625ca18b,minecraft:frog,true,Frog,[null]
-27.70365827468379,51.0,-148.2920628935329,96a6d946-1db4-4dbe-b5b4-6ac1580683d7,minecraft:enderman,true,Enderman,[null]
-29.486140378363885,163.25220334025371,-144.00606707779514,7274b6a3-2e55-41a3-80fb-7b23883fcff5,minecraft:chicken,true,Chicken,[null]
-8.013304063263968,146.0,-144.00609858028227,190e74a5-4e50-41d0-a0e6-8c9b4a1cc5ca,minecraft:turtle,true,Turtle,[null]
0.4528158309641379,151.0,-149.2861413564039,21cfc910-3242-4c8c-9584-c36800493bf7,minecraft:turtle,true,Turtle,[null]
-4.314685242571068,147.0,-146.92044284510445,7264e786-b56f-42ca-abe3-6d203441a189,minecraft:turtle,true,Turtle,[null]
-145.69298118575762,176.0,-136.6387833990643,8aec3424-f1b8-444e-a82d-0af20de0952a,minecraft:frog,true,Frog,[null]
-162.323827367703,197.0,-127.86380523808525,4ae3e269-ee3c-4fe2-be01-e6c97aedb4c7,minecraft:parrot,true,Parrot,[null]
-156.5687413697853,192.0,-133.89017182184176,5c912158-9464-4224-af7c-eb63a517b6de,minecraft:chicken,true,Chicken,[null]
-149.48907096408354,177.0,-135.98716436829062,a1c2b980-7db3-4642-a78a-0478da898507,minecraft:frog,true,Frog,[null]
-152.4764710576672,182.0,-140.80286244994412,d8c354a9-a130-4a17-b360-7b880cf92e6f,minecraft:cow,true,Cow,[null]
-156.20000000298023,199.0,-127.50202754928618,a758be5f-898d-4e33-ad57-cad95d30c79c,minecraft:chicken,true,Chicken,[null]
-146.9533007420163,179.0,-139.72310055577483,8106c763-20a2-4eec-aa00-b37b7d59477e,minecraft:turtle,true,Turtle,[null]
-153.30235252630735,184.0,-92.0163625609536,ca4989ed-ff89-4d31-8c97-707da806de9e,minecraft:frog,true,Frog,[null]
-145.2104166895151,186.0,-92.27211914028172,ace8c0ef-90d8-44c4-ba38-edf30edda8e1,minecraft:turtle,true,Turtle,[null]
-132.8065982089204,156.0,-76.8641464291074,d3da2c0f-4e3b-43e2-a9e7-4598881258bc,minecraft:frog,true,Frog,[null]
-144.00054700117076,156.0,-76.98382858849521,cd107232-e14c-4d46-9f3f-f246bd2947a3,minecraft:turtle,true,Turtle,[null]
-152.92603582805575,152.0,-61.719973715345176,15416a86-27ce-4813-8812-51bae01bc4c3,minecraft:frog,true,Frog,[null]
-144.0057853843086,156.0,-70.60469805275383,f5151449-1877-40a5-8d36-68fbe35b9791,minecraft:sheep,true,Sheep,[null]
-144.15795793854943,156.0,-66.69939368548414,e7cc3380-2232-40aa-9166-65080f3513ce,minecraft:frog,true,Frog,[null]
-140.58101483391874,155.0,-74.04604805811994,bc9c2be8-9a76-49ba-b809-0dcc2d69f64c,minecraft:frog,true,Frog,[null]
-144.00215634117652,156.0,-71.97289674221453,e5cee1f8-7560-4974-a640-2e55a17dd3b5,minecraft:turtle,true,Turtle,[null]
-137.61860943714044,157.0,-66.34366466719383,4610fbb0-1b0e-4b53-9bef-ebd49637ffd6,minecraft:frog,true,Frog,[null]
-134.68278532984291,156.0,-64.63282227596474,1eafb589-302a-416f-bbcc-5ba4148b9007,minecraft:frog,true,Frog,[null]
-144.00621237622818,156.0,-68.22364779724704,412251e9-b6f1-4f99-8a58-feb0077fb62c,minecraft:frog,true,Frog,[null]
-132.33120317580136,155.0,-62.72621941153934,e6aab92d-bc78-4d03-a90c-e5238d7737ae,minecraft:frog,true,Frog,[null]
-152.99738100585367,150.0,-80.2160608840044,ecf33d53-5a22-4aec-b3c5-8e8e39756a6b,minecraft:turtle,true,Turtle,[null]
-144.01765264957032,152.0,-80.66976090039762,28dcf0c9-c9e8-40e2-97fd-a31516e4b320,minecraft:frog,true,Frog,[null]
-144.0127569143042,155.0,-77.91773231953414,fe21c06e-63a6-490f-8ca4-33ece82908e8,minecraft:turtle,true,Turtle,[null]
-144.01594551243284,156.0,-62.16428622880396,e2fffce1-1d01-4ad7-ae93-a9ec26cb7f74,minecraft:frog,true,Frog,[null]
-156.54202245241547,152.0,-58.03572419279495,749966cf-365c-4db8-9c54-b9057b055fd4,minecraft:chicken,true,Chicken,[null]
-148.9079276482895,155.0,-57.7131274501163,26cabcb5-0ac2-4a1a-bb79-a6504c71ef5d,minecraft:frog,true,Frog,[null]
-144.06638212844928,150.75220334025371,-45.51015867126009,61486e95-4d3f-4c87-8015-74044ffc2819,minecraft:chicken,true,Chicken,[null]
-153.7549601172514,157.0,-42.530252892716526,4678632f-694b-47c4-8fe2-eaed125a567b,minecraft:frog,true,Frog,[null]
-147.98981128619602,155.0,-58.44792696815105,54a69693-5a4f-49e2-a035-3659252c3264,minecraft:frog,true,Frog,[null]
-158.48043872202888,159.0,-37.6258553093852,7054ff1a-b1b5-4278-b1e4-52afc5f5cf3f,minecraft:frog,true,Frog,[null]
-150.91503066257263,159.0,-37.61350856450004,f02b32b1-6fe3-4c1c-8289-7a38c19ef49a,minecraft:frog,true,Frog,[null]
-150.8900061778248,159.0,-36.266577210912914,b018e376-4299-4792-bff9-9ffeee073ae0,minecraft:frog,true,Frog,[null]
-148.81618768616977,156.0,-42.20763853288212,daef1beb-c53c-4eef-8569-cebc2c8853cc,minecraft:frog,true,Frog,[null]
-155.17345488659245,156.0,-49.90022099435739,298a5080-b3ea-4f03-915e-7062f96b8e91,minecraft:chicken,true,Chicken,[null]
-148.91034330064394,157.0,-36.691273818953775,093c7ff9-3b93-4538-a44b-df3e7a2f5a0b,minecraft:frog,true,Frog,[null]
-161.46749794239594,159.0,-36.048923669737896,90941987-eaa6-4288-b0f9-c14c0b05cdff,minecraft:frog,true,Frog,[null]
-157.8736896952675,160.0,-37.07968497304047,0556f5cc-8c7d-4e29-9715-e8c9209ec12a,minecraft:frog,true,Frog,[null]
-144.5066806935983,152.0,-43.59798978795808,76809329-2008-4a44-a546-ec3302953e4f,minecraft:turtle,true,Turtle,[null]
-153.3323327618235,145.0,-20.958125629197664,7f10b452-21b3-4646-8773-7fd60c16fe1a,minecraft:frog,true,Frog,[null]
-125.55736587455351,148.0,-44.65379054641212,31320de7-6f2b-451d-a323-1f16e360461e,minecraft:frog,true,Frog,[null]
-155.61464075154143,157.0,-33.75,37fed6a9-b5d6-48d5-8f2a-92886db4d95f,minecraft:frog,true,Frog,[null]
-150.36934746491616,149.0,-12.821182805350265,cafa8433-52b0-4d18-bff7-758f0db84c16,minecraft:frog,true,Frog,[null]
-146.52013220526163,145.0,-8.978685037814756,2b0ae07b-3344-4c29-a111-76b92ac5c4aa,minecraft:frog,true,Frog,[null]
-155.67369285846644,140.0,9.373298405142984,b6fd441d-a001-4e3d-b925-bdf483c60542,minecraft:frog,true,Frog,[null]
-148.5418127531909,134.0,15.57562643548697,44d18042-3184-4631-a33d-e4cfddb58c5f,minecraft:frog,true,Frog,[null]
-144.01365300500453,136.0,7.571436686618316,56827243-c57d-40ac-9f43-b70c8985c680,minecraft:frog,true,Frog,[null]
-144.01839037490655,133.0,17.310013854642396,b89bb052-5fa9-4fae-86e8-9d6d9e38a887,minecraft:frog,true,Frog,[null]
-83.92795852626061,101.0,15.111854315937308,c720a870-46c4-40cb-bf1b-0f020f4e5907,minecraft:pig,true,Pig,[null]
-69.44999998807907,100.0,4.547462848974872,248d82ee-4238-4e69-832e-955dcc65b2b9,minecraft:pig,true,Pig,[null]
-78.06354914248679,104.0,22.890506112642118,52947366-d40c-4a96-9659-08693fa56754,minecraft:turtle,true,Turtle,[null]
-30.346948401937663,98.0,25.028248030105665,53414549-4f7a-441a-9863-f73dd521a07b,minecraft:turtle,true,Turtle,[null]
9.894266536113902,101.0,27.600000023841858,bf4c7d24-3386-4ebf-ad48-6e2e1a78102c,minecraft:turtle,true,Turtle,[null]
14.165677993217246,152.0,-147.5,7c57660c-b7a1-4d19-a89a-38273fe435dd,minecraft:chicken,true,Chicken,[null]
1.166678404068946,151.0,-150.62613038803653,2b5c9d86-1b2d-4dbe-98b4-94084631869f,minecraft:turtle,true,Turtle,[null]
0.9927218839596397,147.0,-144.00648722715133,df3ba61c-0cc2-4e94-922b-b219eae5dc85,minecraft:turtle,true,Turtle,[null]
19.00101116962459,138.0,-123.91927117629467,c6df3a4f-7aef-4d98-8149-c2141eef3b9f,minecraft:turtle,true,Turtle,[null]
15.557220597848612,61.0,-53.7560091118206,8be37189-02d9-491f-acd9-e9051f19082c,minecraft:pig,true,Pig,[null]
45.450679218705034,183.0,-53.20336164646488,c3902ca2-8d43-40f2-88eb-4c0cfa29bc8f,minecraft:sheep,true,Sheep,[null]
49.099205656401416,41.25,-76.09920496244955,00f873a9-7029-48aa-9861-028c8930d92d,minecraft:turtle,true,Turtle,[null]
-169.34587832007725,136.0,190.65396958436207,ea277c5f-bdad-43b1-a8f7-39ca074c5c28,minecraft:turtle,true,Turtle,[null]
-170.25066741326378,214.0,-151.6462616312354,5fb90d67-b779-4e78-9098-45f4384ff804,minecraft:pig,true,Pig,[null]
-111.08629950494843,182.5,-160.97732980649735,b3b70a03-a48e-4ef6-a111-84108f98914c,minecraft:turtle,true,Turtle,[null]
-108.0787339879083,182.5,-160.599018786397,20bbbc3c-5dd8-419c-bb4e-4e9c72393c67,minecraft:turtle,true,Turtle,[null]
-92.2076000668063,173.0,-171.77434912631068,585d41c1-152c-480f-8b7f-e92f5493ec72,minecraft:sheep,true,Sheep,[null]
-109.64669402281024,182.0,-170.24266889143695,55ccca47-3667-4d9f-9947-3cbc86f01851,minecraft:sheep,true,Sheep,[null]
8.37787235371022,189.0,-169.62660029883418,a22f46df-2a13-458a-828d-7aea923eb104,minecraft:frog,true,Frog,[null]
12.802789482982973,195.0,-174.4881388229804,50809a1b-c90d-4959-8b41-967949006d35,minecraft:cow,true,Cow,[null]
-162.44999998807907,197.0,-128.70265035021708,5674d74f-e14e-4676-aae9-e2915c23b10a,minecraft:pig,true,Pig,[null]
-162.40744709119375,201.17598535696462,-130.00498558409782,d47e57b5-00a2-4c3d-bc02-fc42860d77f7,minecraft:parrot,true,Parrot,[null]
-52.987129243648425,138.0,-70.76299341569529,3175d7ca-72f0-41a1-85be-c274aa111da3,minecraft:frog,true,Frog,[null]
16.448986239851987,131.0,84.83956102779345,309ea556-b49c-4947-953f-ab1a75075ffc,minecraft:frog,true,Frog,[null]
-172.90577813099597,150.0,-69.07220691217934,a9b49698-fed9-45d1-baa8-16ab59a3ae28,minecraft:turtle,true,Turtle,[null]
-167.01327109886608,149.0,-61.0158843989631,3b75b158-c3b5-4552-8c7b-1230cbab84d2,minecraft:turtle,true,Turtle,[null]
-162.60328837912002,159.0,-36.65104581059799,c827d039-129f-436c-ad41-adfc0a6b48df,minecraft:frog,true,Frog,[null]
-82.51874046031267,138.0,126.55062648872135,0d1d4b6d-028a-46d7-9a99-fb7ec3202b72,minecraft:frog,true,Frog,[null]
-163.97287662192807,126.0,22.361300737998864,0425520d-3b11-4d43-b191-82c454e4dacb,minecraft:frog,true,Frog,[null]
-144.00246167510903,127.0,24.00022565487482,d3561155-161e-4ed9-99af-9ed220978dc0,minecraft:turtle,true,Turtle,[null]
4.983971921463801,103.0,26.350000023841858,94b6341b-2296-46ba-a3d9-ab47a93719db,minecraft:turtle,true,Turtle,[null]
28.41064705082635,147.0,-149.3964648677821,d64b8cd6-30b7-4490-b84a-1c0f82fe08cc,minecraft:turtle,true,Turtle,[null]
27.112351749443015,134.0,-145.17323331461793,68843e4c-0d9b-4765-a1b1-deb14577c874,minecraft:frog,true,Frog,[null]
27.982949657798454,133.0,-144.0104667001583,f0ab7586-1c17-4d1b-841a-cff97e8a7c01,minecraft:turtle,true,Turtle,[null]
19.265597955973735,163.0,-80.21677315898089,12434d48-0074-434c-98c5-3556b1a55bb1,minecraft:sheep,true,Sheep,[null]
26.500083028066275,178.0,-40.494342164306865,443864ad-61d6-4133-b208-5feee4df3fa2,minecraft:frog,true,Frog,[null]
25.996065380455864,127.0,-11.575960503382355,799feade-25e9-4065-8af3-0f419d3e39ac,minecraft:turtle,true,Turtle,[null]
25.914299199898377,124.0,-0.043745431312856985,3ae98cf6-3bc1-4adc-bfe1-0edd99a52b75,minecraft:turtle,true,Turtle,[null]
24.399999976158142,122.0,0.3999905112018615,6d157fab-87f4-4a59-8c2d-da5f0b56a2aa,minecraft:turtle,true,Turtle,[null]
-137.90135036756772,112.0,52.90135129965541,3ee3dc5b-6e78-4a60-8489-f188730bf5ab,minecraft:turtle,true,Turtle,[null]
-138.4191744157517,113.0,53.622916646301746,09b17fee-cac9-409d-b019-01a42ab09a08,minecraft:turtle,true,Turtle,[null]
-145.43001599320513,122.0,68.06185185210884,10608f13-b7a0-4914-b76d-8032bf80a391,minecraft:turtle,true,Turtle,[null]
-113.74016960856456,145.0,122.83379909881927,03cb877a-ba1b-47d6-805a-946cb18f7e3b,minecraft:frog,true,Frog,[null]
-111.97610269815422,142.0,114.62630544425765,1d3fa657-fa92-4f44-96ff-86b1c4a904bd,minecraft:frog,true,Frog,[null]
-122.03935129638435,144.0,123.09003013458262,b17dfaf2-f3b7-4f12-9730-f481b0362fc2,minecraft:frog,true,Frog,[null]
-130.26689684643523,143.0,122.77677990873218,8ed5fd66-a536-40e5-afb3-e44380ffc758,minecraft:frog,true,Frog,[null]
-106.64126848470866,110.0,32.9502828085033,8c2becce-3c24-40bc-8b2d-a1ea0b39483a,minecraft:turtle,true,Turtle,[null]
-103.59466209752917,150.0,125.59042541611052,f3af3c71-295a-4fc6-bf72-0c39c34431ea,minecraft:frog,true,Frog,[null]
-103.98998613868571,142.0,112.95826287504876,ba70f2cc-1f22-4e4c-80d8-77ade2d1826f,minecraft:frog,true,Frog,[null]
-123.58800435084926,145.0,127.38202590675303,8db7dd7e-23cf-4e1a-b550-8099158161db,minecraft:frog,true,Frog,[null]
-126.31681045882486,144.0,128.62960030144774,d5d512ab-3069-45c4-a349-0de787706c04,minecraft:frog,true,Frog,[null]
-101.4452929242329,144.0,129.53670425807215,97cd8860-b23f-4dc8-a475-c601618a9bc0,minecraft:frog,true,Frog,[null]
-96.39494256642146,145.0,116.82599467755539,9eb3a801-f976-4238-893e-4e3585233941,minecraft:frog,true,Frog,[null]
-127.23322409398408,144.0,128.83004100240726,42429acf-bf48-42af-9648-5fe073e274ad,minecraft:frog,true,Frog,[null]
-107.55726939589704,145.0,128.43064447788126,cb3a2f91-9160-4bb6-8a1f-fa53e67c273d,minecraft:frog,true,Frog,[null]
-89.05165169494865,148.0,124.69573218413463,0aae85f2-904b-4a96-918f-112cf02750c8,minecraft:frog,true,Frog,[null]
-107.52587473228805,144.0,144.76295645160081,2c7428ea-8d78-44b2-95cf-15523fe3ebe0,minecraft:frog,true,Frog,[null]
-99.20437386414729,144.0,136.1047863103839,c840bca4-51e3-4c55-9a2a-9887d695000d,minecraft:frog,true,Frog,[null]
-91.91641570734176,114.0,55.91710254807675,bf872c74-9908-4e28-ba6f-0b302c6cae73,minecraft:turtle,true,Turtle,[null]
-91.5,141.0,105.5,e2444f4c-5113-489c-ae71-3c27b307271a,minecraft:turtle,true,Turtle,[null]
-111.66086014563469,143.0,116.74051361527242,86846878-592d-490d-bdf4-dabc86a5b1cc,minecraft:frog,true,Frog,[null]
-105.04284345823422,143.0,122.83949110836376,9b9a4b9c-b6dd-4ee4-b49f-a7bc69870fbf,minecraft:frog,true,Frog,[null]
-110.58554674490362,145.0,120.5739086909714,ece27297-81d7-4376-a2f3-9e576080d2e7,minecraft:frog,true,Frog,[null]
-101.03365533704535,144.0,133.39145564779705,77bec4fa-77d2-40e0-9ef5-c58e97334dc2,minecraft:frog,true,Frog,[null]
-92.96356529962348,148.0,117.70607013972472,a8660485-fc46-4c36-b446-4229179acd66,minecraft:frog,true,Frog,[null]
-93.43082557129325,147.0,124.40209309672306,6082ba94-2050-4a2d-8661-19d8bc7d1133,minecraft:frog,true,Frog,[null]
-111.75773709684333,146.0,133.45502838274265,7793054f-2b15-4606-b824-2bad4f5db546,minecraft:frog,true,Frog,[null]
-84.30000001192093,139.10000002384186,134.3104166686535,01e59429-8335-4287-b3a0-4ec292259329,minecraft:spider,true,Spider,[null]
-87.79999999701977,145.0,132.55754633828911,d5d1e537-aa07-46ee-8e5c-152aafff5f07,minecraft:chicken,true,Chicken,[null]
-113.87736851608783,145.0,119.68578791979643,b71568b9-0c8a-4aad-bb76-74827791fded,minecraft:frog,true,Frog,[null]
-77.9183024351244,107.0,28.081825428512357,50723ddb-5e69-4f8f-b152-9361b71bd5f4,minecraft:turtle,true,Turtle,[null]
-38.90438441436616,103.0,15.889800909387032,2ab368bf-0a7b-4f1f-8dfb-a28d869100a4,minecraft:turtle,true,Turtle,[null]
-51.99428549022808,126.0,62.0806678235683,4931cfbd-c6ae-4559-9f5d-6928899049e7,minecraft:turtle,true,Turtle,[null]
-53.92110963918422,109.0,59.95298224332424,3995a704-0e94-40ef-8197-01f582ac1da6,minecraft:turtle,true,Turtle,[null]
-14.641666635870934,95.0,45.01650712496612,81d870d0-7f38-4165-a2c4-ab7572380656,minecraft:turtle,true,Turtle,[null]
-26.712848845801076,112.0,0.03644915791522718,3e1ea1d0-e002-4b03-85ad-0c15a7eedee1,minecraft:turtle,true,Turtle,[null]
-32.04169045932306,112.0,88.321192805557,7385ac58-ffe4-4a92-bb30-13e2f4242cd4,minecraft:turtle,true,Turtle,[null]
-2.5958333015441895,103.0,37.981413181939466,426ec319-2206-4be8-8898-88f69adbf1f4,minecraft:turtle,true,Turtle,[null]
-0.3500000238418579,99.0,38.099840600480405,ba53bfcd-e97b-4569-b207-655dcc2fc5a3,minecraft:turtle,true,Turtle,[null]
-8.016122342133984,98.0,37.35000002384186,7f90d3ac-4816-4a04-a04c-13f6771848a3,minecraft:turtle,true,Turtle,[null]
-2.0226201660944794,99.0,36.491666704416275,bae57cb0-d370-4361-b216-74af5f32a905,minecraft:turtle,true,Turtle,[null]
-1.9131681839247923,101.0,46.93946692781938,f9686265-b274-44b9-b67e-b445c44a2d7e,minecraft:turtle,true,Turtle,[null]
-9.999984899872471,104.5,65.08089601945001,8d73a419-ccf3-44a2-add1-f97018b5d787,minecraft:turtle,true,Turtle,[null]
-39.06481495659413,117.0,105.08613741372612,5942ac6a-b621-4629-81ab-4b0746630fbf,minecraft:turtle,true,Turtle,[null]
-142.06092117692813,138.0,162.8035366568918,166ade53-5a1e-4a1f-aff6-229d66e520fc,minecraft:frog,true,Frog,[null]
-144.2427566974514,139.0,154.33204163375683,4fd3bca4-c677-49f5-9529-c0c4fecf68b3,minecraft:frog,true,Frog,[null]
-140.53125,141.0,178.5869140625,b919406d-1b46-4f0e-aee3-38fc8118d351,minecraft:item,true,Rotten Flesh,[null]
-143.87396565440886,142.0,185.4733959382331,1cf3941d-2db5-42f2-9cae-b6a38cbed791,minecraft:sheep,true,Sheep,[null]
50.875,148.0,178.841796875,96b2405d-4719-45e9-b594-14f0d37800a0,minecraft:item,true,Rotten Flesh,[null]
-127.14232899064602,139.0,160.00293411145924,029f4578-1193-41c7-be6a-dab92c6a8e75,minecraft:frog,true,Frog,[null]
-126.70149782856427,139.0,161.6928488964118,e9399f04-7d4f-4e9b-9c4a-88b0a6deb244,minecraft:turtle,true,Turtle,[null]
-117.61194862830887,140.0,161.0431060128601,3f7d6910-8846-4991-b187-a39f4f3e0e0c,minecraft:frog,true,Frog,[null]
-137.95279703479642,140.0,160.01183790198638,4ebb24a4-dd9a-411e-abc4-1eec560c9b96,minecraft:turtle,true,Turtle,[null]
-127.95448522890653,139.0,165.96715988130305,cf52bfa8-6de5-4257-9c0a-a203692b7f2e,minecraft:frog,true,Frog,[null]
-106.97185502074281,142.0,160.00375629436613,92625cc8-c527-4ce1-9c21-6b85831749ef,minecraft:pig,true,Pig,[null]
-103.7636118839915,142.0,158.5697916981683,7c5ff576-f4f9-4c4b-99ab-b2061e41c04a,minecraft:cow,true,Cow,[null]
-117.09662569220384,140.0,161.36237359531643,026eea71-9c47-4833-9f12-fbe463f85302,minecraft:chicken,true,Chicken,[null]
-125.05283305044193,139.0,160.0526788613308,17f1be4d-18f9-403b-8420-cf39196f5835,minecraft:frog,true,Frog,[null]
-92.89016622743702,149.0,119.62437690207733,9be73913-cf21-43ca-b2f5-fb57363196aa,minecraft:chicken,true,Chicken,[null]
-118.65126753090456,144.0,122.68495200527377,3e5924f9-7f3a-42a2-90be-822dfb8bc67b,minecraft:chicken,true,Chicken,[null]
-97.58459479675754,140.0,160.030921857474,7d3c0a4e-297b-448a-9567-a760f12acca7,minecraft:chicken,true,Chicken,[null]
-115.17570255700622,139.0,162.84435730965927,34b2b249-7f5f-4525-bac5-78dd85585e3e,minecraft:chicken,true,Chicken,[null]
-115.46607248743402,146.0,132.95031188987028,baa43e07-4fc5-4c0f-8b55-a059b6d22f4d,minecraft:frog,true,Frog,[null]
-104.08365297413567,142.0,160.0837717596159,dd2f03d8-1c1b-43c6-902d-0c7f005b2e4b,minecraft:chicken,true,Chicken,[null]
-110.41365304126002,141.0,160.0097416086614,7e501b5b-42a3-4ea0-95c0-e9bcd6ca7e88,minecraft:frog,true,Frog,[null]
-106.30079752387941,142.0,160.01365048767175,7df8e79c-e317-49f8-9ccd-5a2a8feff8c9,minecraft:frog,true,Frog,[null]
-104.57167476749166,142.0,160.01778559088712,b89e2bb5-6569-46cf-b273-699f56fbb89d,minecraft:frog,true,Frog,[null]
-97.63209536229925,145.0,130.6160877228229,03b84915-f5e0-472c-9006-5e1a62b9485d,minecraft:frog,true,Frog,[null]
-107.28323249554596,144.14589773763416,160.0637540451195,c415ac67-41a5-4275-9265-215ee40c8185,minecraft:frog,true,Frog,[null]
-87.098990364319,142.0,153.09899024801632,9e7aedfa-8b06-4940-820c-a1a01ac9cc6d,minecraft:turtle,true,Turtle,[null]
-80.94113089546532,127.0,160.0040922786992,c9f95ba2-48ae-4e3e-a955-924641842ff3,minecraft:frog,true,Frog,[null]
-102.02189766493605,141.0,145.97919809856367,226f6e9e-21ba-400d-b611-5446ae744b9c,minecraft:frog,true,Frog,[null]
-91.67130520023838,148.0,125.63494863565279,c7ef4fa1-8670-490d-8cf1-5d8651995db9,minecraft:frog,true,Frog,[null]
-65.95147415734242,125.0,164.32215008072404,a7d9233c-3a8c-4ac5-9a11-64bfeefb3d1e,minecraft:frog,true,Frog,[null]
-71.97452955548812,130.0,160.01376192945062,831a0da0-747b-4201-bfd4-79394ffcc5f3,minecraft:frog,true,Frog,[null]
-94.7832616235314,139.0,160.00473514343702,f4a01037-f187-4719-a277-2cd967245f81,minecraft:frog,true,Frog,[null]
-57.31459856436899,115.0,168.31898633420255,6636f874-970b-43fd-92b3-6aff6ecfa451,minecraft:frog,true,Frog,[null]
-50.58095428340586,110.0,166.3352609780197,60fc6ab7-d5c7-4cba-b6a1-8cf50f888b32,minecraft:frog,true,Frog,[null]
-47.09242213694511,107.0,169.2264795353269,180fb17a-b617-41f4-8b74-7ec7fa879da9,minecraft:frog,true,Frog,[null]
-54.33312971535609,116.0,161.43394364743327,d568dec8-b4a9-4c5b-bbf1-4d6ca1e6ce61,minecraft:frog,true,Frog,[null]
-33.38547753312497,104.0,162.62784124588418,eb6d3d4b-a89d-4e45-9ebf-7e76dea318c2,minecraft:turtle,true,Turtle,[null]
-23.649290350200932,104.0,165.65016211543744,7df0b4ca-57e1-44b3-b002-d413a7009fd3,minecraft:turtle,true,Turtle,[null]
-52.07894000759572,128.0,134.1316048803998,d0f3fbe8-83a2-42e2-b93e-37e4053f7e00,minecraft:turtle,true,Turtle,[null]
-21.66798983987396,104.0,165.18573329193322,a4677005-a543-465d-aaad-690114baac34,minecraft:turtle,true,Turtle,[null]
-16.59694724808825,104.0,166.52261413624035,61d5e2ae-791b-4d24-821d-b5c4c6bc9a51,minecraft:turtle,true,Turtle,[null]
-22.307366165479422,103.0,160.00833643167684,334c11f4-de3a-422d-b047-6e16e7d85cb5,minecraft:turtle,true,Turtle,[null]
-5.906210484588,106.0,162.93935205954753,7bd05a87-bdf1-4a5c-87b4-22274d7e0f24,minecraft:turtle,true,Turtle,[null]
-0.2581544050439174,112.0,171.77290756515916,d34cf4f2-abad-40a7-990e-d908a3e0655c,minecraft:turtle,true,Turtle,[null]
-7.085996495561742,106.0,168.02031229141846,f0707e9f-3ccf-4996-84b9-c70948cf2cd6,minecraft:turtle,true,Turtle,[null]
-9.809763388037533,105.0,160.00888031946732,08ff3135-ee53-4423-b2d8-9417a960c698,minecraft:turtle,true,Turtle,[null]
-23.516801143890966,103.0,160.00999482541306,2ca1db99-1e5e-44f2-986b-9a448e4eaa01,minecraft:turtle,true,Turtle,[null]
-144.00699483679253,121.0,32.16673264655255,291b16cf-3b17-4edf-9230-e798b72f7acb,minecraft:frog,true,Frog,[null]
-144.01043817112554,122.0,29.969120973384122,d0cd835b-b700-4b3e-a623-326e08c50550,minecraft:turtle,true,Turtle,[null]
-146.42623802249815,120.0,34.81431180472631,86179ddd-f4a7-4857-b13b-442749875d14,minecraft:frog,true,Frog,[null]
-144.66453103570373,113.0,53.27926286159903,625e1078-0268-46e9-bedd-be0acfaf5a18,minecraft:turtle,true,Turtle,[null]
-145.78713222792277,112.0,51.804164353315606,5c37fbab-ff2b-4b46-b955-18a56ea9aa89,minecraft:turtle,true,Turtle,[null]
-130.13968858596843,131.0,101.75,44d66a0d-21c7-4571-a18e-2264714bc2c4,minecraft:frog,true,Frog,[null]
-146.52381524324772,122.0,68.47239996963611,583648ee-937c-4afa-98de-3d4272e333a7,minecraft:frog,true,Frog,[null]
-145.9472409547512,115.0,47.36981869613971,061ec081-4134-42d5-adbc-09fb796cb0e5,minecraft:turtle,true,Turtle,[null]
-138.26022418947548,127.0,96.2198286641932,e56c0afe-2fee-497a-bd03-13b6e4579f55,minecraft:frog,true,Frog,[null]
-147.56251636521216,125.0,82.4340581039883,41151d88-e4e4-4e95-bb31-e8f6486be83c,minecraft:frog,true,Frog,[null]
-144.0049168824302,141.0,120.84155729124475,da4a8127-f85b-4db3-88ca-3f84beeda710,minecraft:frog,true,Frog,[null]
-146.91594612583143,133.0,105.08241495914972,9b17e1ad-bd2d-4c94-9653-52575d5ae2f2,minecraft:turtle,true,Turtle,[null]
-131.35429727834733,142.0,118.39429941931277,63e6d44a-f22d-4e26-bb31-6299bd9159ba,minecraft:chicken,true,Chicken,[null]
-94.52447027677044,147.0,134.7092779042872,a82e43a9-d3b6-44c9-b10a-ff36db02c568,minecraft:creeper,true,Creeper,[null]
-164.29374998807907,144.0,123.10433292728955,f51cb97f-a563-4c45-b764-a83916fa983e,minecraft:pig,true,Pig,[null]
-130.5302616196498,144.0,133.2247455088362,0bc556e0-8c52-455b-9486-446424f0d4bb,minecraft:frog,true,Frog,[null]
-168.56647033095624,149.0,132.52515337513162,f27c5769-59c1-4b82-af15-d940ecdd528f,minecraft:chicken,true,Chicken,[null]
-147.1228166050779,135.0,107.97244829464766,a8c19658-ed40-4f76-9a31-b54585a8dcc9,minecraft:frog,true,Frog,[null]
-145.76395977490805,140.0,123.55640802088594,b8657e84-9153-4ae5-9108-129214f34fe8,minecraft:frog,true,Frog,[null]
-144.08701700216608,140.0,132.94067330856578,bcc3a21a-32bc-4bf4-8d60-950c48e267c1,minecraft:chicken,true,Chicken,[null]
-147.20622696672433,139.0,115.8039201726123,ea13b99a-7f7e-4fb7-80ff-80b52702da71,minecraft:pig,true,Pig,[null]
-145.77756631056738,140.0,126.8235458777917,b924f77f-9904-47fd-b218-5dd636bfcc52,minecraft:frog,true,Frog,[null]
-151.29868006615922,139.0,131.87721499864256,1d5d7436-3160-402e-8b8a-cf1628a02748,minecraft:frog,true,Frog,[null]
-148.0663289022307,140.0,125.15806771077676,78336e88-5629-45a9-9577-25ea6a9e32b9,minecraft:frog,true,Frog,[null]
-144.00844781940373,140.0,115.3022538200328,ccae7fd1-32fc-4829-a3d4-87bf1be743c3,minecraft:frog,true,Frog,[null]
-144.1708689728434,142.5595752396851,116.61183371869144,33e600b4-31c4-4835-80e3-5b5bb6d2e023,minecraft:frog,true,Frog,[null]
-127.4556273126847,144.0,121.76103243030272,fb10305a-8e55-4d3f-b959-c240185ccb0b,minecraft:frog,true,Frog,[null]
-110.7395890190352,145.0,122.77327341350068,c370514c-262f-43a4-93c1-7034083fbb58,minecraft:sheep,true,Sheep,[null]
47.40364250420931,121.0,26.514762766031705,cdb37dc5-1831-4c7c-817a-496758d79b3f,minecraft:turtle,true,Turtle,[null]
-144.01420250145117,140.0,128.6492866442268,92b2e2eb-3fbe-4bb3-8ea0-5d77666be793,minecraft:frog,true,Frog,[null]
-103.44999998807907,142.0,160.06389477991505,475e3d7d-6319-4d30-a053-10db60415567,minecraft:cow,true,Cow,[null]
-124.31935065773119,145.0,130.48602134866465,475a7b4c-dfbb-4298-af90-696cfd998b17,minecraft:frog,true,Frog,[null]
-158.11949689790754,144.0,128.45099720968446,fef8637a-ca0b-4f61-aa77-cb533db83721,minecraft:chicken,true,Chicken,[null]
-131.02473964484375,143.0,140.8261979991293,71d24419-2fd7-4093-8128-ce5bf0bb422e,minecraft:frog,true,Frog,[null]
-144.03355239870515,147.83777828981195,140.9560446011122,62c932e2-25c0-42cf-b8dd-4679cc467829,minecraft:frog,true,Frog,[null]
-144.00855768480113,142.0,137.64655268448035,b6429beb-aa75-465b-87f1-2665d2970b6d,minecraft:frog,true,Frog,[null]
-148.50037529199045,142.0,146.53212148576384,28d9d42b-be75-4a41-9c6f-90aef64ba395,minecraft:frog,true,Frog,[null]
-82.49783904337721,139.0,124.17896014471326,910efd37-49d4-4695-9255-430eee2bb751,minecraft:cow,true,Cow,[null]
-144.0031220830103,142.0,140.23593870677567,b78357ce-5436-4759-89ab-26e965c89275,minecraft:frog,true,Frog,[null]
-144.0064270765522,142.0,147.01496749873112,19d58586-f297-4497-b671-99865a70923d,minecraft:frog,true,Frog,[null]
4.0158996619269205,101.6875,38.35000002384186,e0e91258-3fd8-4b76-b1b6-adad4ab212e5,minecraft:turtle,true,Turtle,[null]
1.8305436020649686,99.0,36.474999979138374,f8632e0d-2da7-41da-8a03-3023fed94d01,minecraft:turtle,true,Turtle,[null]
-5.53120475475844,103.0,65.54101275752207,15aa941c-3881-418a-8c7f-641dc369a1aa,minecraft:turtle,true,Turtle,[null]
-165.60041259584557,146.0,135.585003947713,5249348f-84ac-4f47-b6dc-1296503be323,minecraft:frog,true,Frog,[null]
-175.17146479248984,190.0,-88.9140274088966,58e0ba31-33b5-4e7a-8f7d-16b7513e2392,minecraft:chicken,true,Chicken,[null]
-146.0801077083844,141.0,183.4235063559827,936479f4-6c24-4995-8b20-b102e47523e4,minecraft:frog,true,Frog,[null]
-50.83690104190591,127.0,99.49949778773909,f6a90d67-a2b4-4401-94db-3588223d99b0,minecraft:chicken,true,Chicken,[null]
-117.30124837668582,135.0,185.69026628673788,b2bea037-f83f-4553-b694-9d9a9e4c7c8f,minecraft:frog,true,Frog,[null]
-82.90169571467737,113.0,191.89139747287044,29cb176f-617f-4172-9a57-10eb4058ce06,minecraft:turtle,true,Turtle,[null]
-72.05747260241449,118.0,188.55796879284205,5e0b72c1-f6f1-495d-9b69-cb51a13caca5,minecraft:frog,true,Frog,[null]
-47.274572354167084,107.0,178.34924197169994,5272e5e7-fb49-4d8e-a751-729f2d6ac854,minecraft:frog,true,Frog,[null]
-15.20805899955208,107.0,178.6033343160809,da939967-d9bb-4a5a-b4e1-5aa91a8451d3,minecraft:frog,true,Frog,[null]
0.875,115.0,178.3671875,26a81896-6b09-43d4-946b-c467a8bde838,minecraft:item,true,Rotten Flesh,[null]
-167.55024589154445,122.0,56.65458145071835,db2e0b3f-1654-49e0-912f-9be998e027ca,minecraft:turtle,true,Turtle,[null]
78.03038394767788,140.0,141.8684671410137,de44f623-2636-4bdb-88e1-087fc5da711f,minecraft:frog,true,Frog,[null]
-174.685302734375,181.0,-81.91357421875,dba6f72d-282d-4214-91b6-d79cfb1ad70d,minecraft:item,true,Bamboo,[null]
-169.84527532573347,179.0,-106.77142428169165,ae9b184a-e575-46d3-bce7-5f27d30b8198,minecraft:chicken,true,Chicken,[null]
-167.08940802836807,149.0,130.57493736631324,acf13760-e541-4d48-823f-290b64427af4,minecraft:frog,true,Frog,[null]
19.061199565066858,119.0,66.08165864720188,041b46b1-191a-4e16-9e51-8e7939b5fe4d,minecraft:turtle,true,Turtle,[null]
25.081815042836386,136.0,114.08795311290429,7582d73c-774a-4329-8d1c-f171ec9a57db,minecraft:turtle,true,Turtle,[null]
21.406212431331955,127.0,166.64435222203898,436803ec-4fcb-4add-b6af-84391ab57d6f,minecraft:frog,true,Frog,[null]
27.459858486288308,129.0,160.0379006369994,e515a4c2-6925-48a1-b62f-28ca1da004a7,minecraft:panda,true,Panda,[null]
28.86243162567373,130.0,166.29494326496916,523b0a1f-e867-4c32-bdc3-945b84d5b35a,minecraft:frog,true,Frog,[null]
34.72366013154447,132.0,160.01837835000043,b201afd9-0097-4bd8-81d9-40b251fc0451,minecraft:turtle,true,Turtle,[null]
114.02255368813792,173.0,-99.50833329558372,b29cbfd3-db08-41dc-8b9a-c1067f197adc,minecraft:turtle,true,Turtle,[null]
40.07262831747543,149.0,-101.99830269590797,b72dee6b-71ab-48a9-89eb-53c1816957ec,minecraft:turtle,true,Turtle,[null]
47.96662491969043,158.0,-109.92057161387861,7f9d2a28-3f6a-4226-8fdf-34bb5ffe5123,minecraft:turtle,true,Turtle,[null]
11.939581614495419,159.0,-72.92053794563974,aaf5a3a5-08be-4f98-a85e-e46af379971f,minecraft:turtle,true,Turtle,[null]
34.56610443434141,181.0,-48.02306156716419,d8ccfb93-39e2-4451-8d95-6f3a5c2d1d46,minecraft:frog,true,Frog,[null]
34.837609912474726,181.0,-48.75982687599338,70b9a3dd-845e-4132-8bc7-5b808e41489d,minecraft:frog,true,Frog,[null]
49.2094816430446,178.0,-44.86046864344338,3412ded5-5c1e-42a6-bdc2-81178ffad8b8,minecraft:frog,true,Frog,[null]
45.417994720700364,183.0,-51.45646189852377,f65aae40-86f1-4c90-bb0e-8a754799c99c,minecraft:frog,true,Frog,[null]
22.623991067253165,174.0,-46.71986737172576,a57da45d-3850-43a6-961b-a3b184b017fa,minecraft:frog,true,Frog,[null]
28.096705834502945,177.0,-48.53060452743711,bac3ad01-f75e-4e9c-b5ee-88a31db4a721,minecraft:frog,true,Frog,[null]
24.54100984475168,173.0,-56.50338401996684,3a2af90b-fb07-4867-a417-14666da15d06,minecraft:frog,true,Frog,[null]
40.36353018384048,182.0,-49.22033222889808,26596f7d-8b58-462a-8fb0-70ba0a9323c2,minecraft:frog,true,Frog,[null]
51.9778411327471,177.0,-48.90984177677218,67a6dded-e05c-43dc-b3b9-5c06f72db5b3,minecraft:frog,true,Frog,[null]
36.06511779489457,182.0,-48.86196280985278,d8f00d30-988e-4c48-873d-1b80b5a5df40,minecraft:frog,true,Frog,[null]
51.45344594251695,178.0,-47.967605020710366,80a62941-a0d6-4bcf-958e-1a1dd54037f2,minecraft:frog,true,Frog,[null]
35.834138689350354,182.0,-49.72001375565138,d21897a3-39a0-4b3a-92f5-d34d7d8c89e4,minecraft:frog,true,Frog,[null]
42.08036476783565,183.0,-52.0333471156777,a8419959-f1b7-4a9d-a8d1-3e05d518b4bb,minecraft:frog,true,Frog,[null]
37.20000000298023,169.0,-36.20000000298023,bd899d9e-d581-4cd9-856e-4bce5ed71947,minecraft:chicken,true,Chicken,[null]
37.222916677594185,169.0,-36.79999999701977,51bf159e-572b-43ff-82df-2580029d164b,minecraft:chicken,true,Chicken,[null]
38.53814622604645,170.0,-36.40129757568371,840b3790-730a-4359-bbfa-8080af054c2f,minecraft:chicken,true,Chicken,[null]
35.25,166.0,-34.27291665971279,dcddce08-17c8-47e0-b7c0-e1c6acc820a9,minecraft:frog,true,Frog,[null]
37.79999999701977,169.0,-36.20000000298023,88df897d-d3ea-4ccd-a38b-0d976e9321a1,minecraft:chicken,true,Chicken,[null]
47.50278140608685,173.0,-46.494569845316455,fca3f156-a401-4c0e-a3c1-cf34c2ccb967,minecraft:frog,true,Frog,[null]
43.98829176286994,183.0,-53.63512766116888,321f5ae9-7d9c-4f91-912f-eade9205c5ce,minecraft:frog,true,Frog,[null]
36.47111319054866,169.0,-34.74756774416982,ef27b162-25ad-4b6f-a5ad-27badcb2aaa9,minecraft:pig,true,Pig,[null]
41.70849042837021,177.0,-59.58185293617484,2a15c80e-b052-448f-beaf-7e148ac20a06,minecraft:frog,true,Frog,[null]
46.16357286779842,176.0,-44.81404163234995,7a1efaf8-1de7-4a6a-9f22-bc847cf2908c,minecraft:frog,true,Frog,[null]
30.58183338505208,174.76636799395752,-41.708544918753425,060a6eb3-9f8d-47cd-8be3-7fb007dcdf4f,minecraft:frog,true,Frog,[null]
46.00712700684459,183.0,-51.87224404157718,58f136ec-a411-456d-bc14-4c2481b14103,minecraft:frog,true,Frog,[null]
45.321309418320524,183.0,-53.964014631553454,aeaefda8-3ef7-481f-a4fb-a40b08db2b05,minecraft:frog,true,Frog,[null]
63.12781666212198,174.0,-62.00537216894442,e5d5b83f-537c-4def-b600-e6b3c73cc2c2,minecraft:frog,true,Frog,[null]
83.59940927235304,181.0,-76.22147605872664,d5bc596c-ee69-4c25-bc92-5e5a260ada25,minecraft:frog,true,Frog,[null]
64.43272580238374,181.0,-59.31949062532998,e24ceac9-9432-4cc8-ba77-97912e7f1efe,minecraft:frog,true,Frog,[null]
60.05429130457033,180.0,-62.36009164345328,40c09537-aa15-4281-949c-2d5f1c249ca3,minecraft:pig,true,Pig,[null]
46.70493972738693,175.0,-46.48865521589525,fa08c23e-7d20-416b-b967-290202ff0066,minecraft:frog,true,Frog,[null]
60.518269282399594,172.0,-54.268379791198136,b49e42f0-6519-4e69-b897-1c8ffee05e81,minecraft:sheep,true,Sheep,[null]
34.776519637474685,181.0,-49.68576881011875,2eb21334-b882-4d50-8294-3ca8ae90ce54,minecraft:frog,true,Frog,[null]
27.65496343352938,177.0,-49.532954838700554,7c48c793-dcd1-44bb-bb7d-a9a61f21924c,minecraft:frog,true,Frog,[null]
36.81602782377852,180.0,-52.31105718484314,d6bb8ef8-445d-4307-8519-69b927b01cb8,minecraft:chicken,true,Chicken,[null]
38.366847637012405,181.0,-46.281523588477725,8baf7063-0029-4ff1-bb5b-23253b249681,minecraft:frog,true,Frog,[null]
60.228289447804585,172.0,-51.15224623171436,30dc2666-0d32-49a6-8397-366241050bba,minecraft:chicken,true,Chicken,[null]
60.61974395981819,172.0,-50.49505449561546,4ddfeae5-ba39-4c3a-aa50-f981f4123ef5,minecraft:pig,true,Pig,[null]
27.980048491102586,174.0,-55.01919848905096,34ad65d7-6931-4fca-a820-595710638f97,minecraft:frog,true,Frog,[null]
62.66981309075545,164.0,-42.135754640364674,3888b39d-edf8-4c0e-9703-8fdb5cfb900b,minecraft:chicken,true,Chicken,[null]
67.07841440240452,181.0,-72.07821672122287,764571c8-124f-4d56-99ee-54b80a965add,minecraft:frog,true,Frog,[null]
36.12469596608435,179.0,-53.53822260572209,213e0a33-a5c8-4a39-a97a-16e77014c677,minecraft:sheep,true,Sheep,[null]
64.44809315760527,183.0,-84.75411393397574,975610bd-d3d5-42ae-9319-4da4ac2bc9d2,minecraft:frog,true,Frog,[null]
-84.77714415014806,132.0,92.5157189362237,ad2ac6f9-07f7-45ec-b8cc-5002371676bc,minecraft:chicken,true,Chicken,[null]
83.62188822203676,181.0,-95.92624302497258,f2dfd4de-f8df-4273-8f5e-ba86d8b8a46c,minecraft:frog,true,Frog,[null]
81.62809393540783,182.0,-94.48088872376007,6f441392-2e1e-415d-a8b6-f943fa4d4c07,minecraft:frog,true,Frog,[null]
89.1910713030722,186.0,-70.1845021563563,c2671f5e-a4a3-4301-9259-6404a76a5b76,minecraft:frog,true,Frog,[null]
91.3079604873149,187.0,-69.60532246994032,1bd9ad49-10b5-4b9d-ad0e-5b459b05b9f2,minecraft:frog,true,Frog,[null]
93.3262094731479,186.0,-78.88612259828898,2bb9d6d1-8605-496c-9170-1dc9c9961e5c,minecraft:frog,true,Frog,[null]
95.03029650857265,181.0,-65.79999999701977,2ad3cfde-b90e-450e-a0f7-dd32fdf118a9,minecraft:chicken,true,Chicken,[null]
91.9645310526247,187.0,-70.58832478722336,3b408e0c-041e-4426-b3d8-1e1d830a8c4b,minecraft:frog,true,Frog,[null]
89.50724862682642,187.0,-74.82086215571809,14d658e3-710b-4d1e-a82b-07ce2c8ebbd7,minecraft:frog,true,Frog,[null]
87.61998260723482,178.0,-57.60000002384186,a3337f6f-e7df-47cf-b6cf-165463958bd2,minecraft:turtle,true,Turtle,[null]
95.38346086718416,180.0,-63.969993151320104,32825d6e-e299-4afd-ad39-1501feed2261,minecraft:chicken,true,Chicken,[null]
93.2626377278403,182.0,-66.35178043117239,bf4e98b9-5cae-43fd-a6de-53db4b22ef16,minecraft:frog,true,Frog,[null]
83.98415667323792,145.0,-16.649999976158142,0dc5bfdd-8ceb-4070-86c2-ba7674d194cf,minecraft:turtle,true,Turtle,[null]
88.8736696505598,117.0,-9.900452765533137,49058281-bef9-4c54-bb68-e855bbae8178,minecraft:turtle,true,Turtle,[null]
100.17566787890624,183.0,-121.38945258625512,d8929b53-426e-4b05-a555-914908f3947c,minecraft:frog,true,Frog,[null]
97.20721536807724,186.0,-66.79533652440546,a177317e-6873-45b6-b163-6061887e2261,minecraft:frog,true,Frog,[null]
107.50297444328645,171.0,-57.503048414576426,ca2cb1fa-91e2-440f-b32c-b558b2f342e4,minecraft:frog,true,Frog,[null]
108.7543242852705,176.0,-44.34706900802292,bfce6ff3-317b-49aa-9cd5-93fcb89631ea,minecraft:frog,true,Frog,[null]
81.0865403502304,101.0,-12.913442080388345,d3873381-7ea9-4026-8eab-446a380d4b1e,minecraft:turtle,true,Turtle,[null]
78.76455311772602,181.0,59.8714423570427,9bed4930-5382-4220-99ce-783d937bc3ad,minecraft:chicken,true,Chicken,[null]
115.92206824244309,165.0,-70.30483208075403,fe18b15c-122f-4850-b1e4-c4b5814f8e92,minecraft:turtle,true,Turtle,[null]
126.29119554112958,177.0,-85.5673154695118,48b2dc71-c076-432b-ba04-030a23496d0d,minecraft:frog,true,Frog,[null]
137.85636514429984,182.0,-68.2508917334109,7fc08486-34e6-4f70-adad-80002f7f012b,minecraft:frog,true,Frog,[null]
129.41270520888668,182.0,-66.32105560593034,86348c46-cd0b-4eee-b5fd-b961ed4bcb65,minecraft:frog,true,Frog,[null]
123.11502487256048,177.0,-37.878506697260306,014e31bd-c3b3-4888-9429-3ad37a7e1b95,minecraft:frog,true,Frog,[null]
144.07476003329256,183.0,-125.09301660371686,8e038986-6611-4c98-8a66-72a1834de942,minecraft:frog,true,Frog,[null]
129.65132027657833,179.0,-81.60293342963308,ce2ef32b-e1ed-40db-a066-50b9669fbec7,minecraft:frog,true,Frog,[null]
121.82162083172761,176.0,-83.71976231724129,97a1914b-9a8d-4b7f-9eab-b16641a978d1,minecraft:frog,true,Frog,[null]
140.22436313687007,180.0,-71.22414897034785,bbbfb643-e201-4c91-94aa-e5ddef512163,minecraft:frog,true,Frog,[null]
130.78501223841056,181.0,-70.73276115542036,d71b8d44-6915-4846-bb6d-dcfc290fcaf3,minecraft:frog,true,Frog,[null]
120.76773504207304,166.0,-77.49724665877935,1a7cd8fa-8cba-4de9-a29c-c66d3a82717b,minecraft:frog,true,Frog,[null]
131.8300994769062,181.0,-74.20177979511253,06fa2d1f-9c9f-48e1-acc3-672cdff57d84,minecraft:frog,true,Frog,[null]
132.01025871949835,139.0,-46.22500002384186,2249182c-8c51-40c2-b0dc-b94c164e3aaf,minecraft:turtle,true,Turtle,[null]
126.959138152803,180.0,-74.42865418082049,e952c6d3-a10d-4fb4-9f92-6442652096b9,minecraft:frog,true,Frog,[null]
47.956697538519684,139.0,-153.92357938850597,619c266f-ebd3-4037-894a-a3b154f7c315,minecraft:turtle,true,Turtle,[null]
44.340591616546384,134.0,-144.64162481310208,a6211474-2cac-4b6a-8c5b-18ce335d4014,minecraft:frog,true,Frog,[null]
34.95152172110728,134.0,-144.00381585746248,d11b7543-85fd-4446-9271-fd7c325e0270,minecraft:turtle,true,Turtle,[null]
40.084283982470794,135.0,-144.02345856889985,b8bfc539-af8b-4e2d-863b-690d9e09f6b4,minecraft:turtle,true,Turtle,[null]
58.08597740224549,142.0,-145.08787313281525,89cbc3f9-a81b-4b3a-8fc7-47dd017784ba,minecraft:turtle,true,Turtle,[null]
64.04779894937563,151.0,-150.12155651797792,f04c1196-97f2-4377-8ff1-6121ceb31ad1,minecraft:turtle,true,Turtle,[null]
95.62783188207021,181.0,-152.79968485493168,4b4e18e2-2431-49e1-ad2b-c7582050add9,minecraft:turtle,true,Turtle,[null]
92.9132292178163,179.0,-144.99374999850988,e854375b-f56f-441d-a972-18932bda20d3,minecraft:frog,true,Frog,[null]
90.37765356108453,179.0,-149.95911986202506,813933d6-b6d8-41da-b0fd-9a583d4b41c9,minecraft:frog,true,Frog,[null]
91.61478726073291,179.0,-146.45337075416776,b37fec92-61cd-402e-a8b1-48a0b2adcaf1,minecraft:chicken,true,Chicken,[null]
94.22166364919104,180.0,-144.31422719899427,00052965-cec2-47ce-87f4-59f7a84bd3ce,minecraft:pig,true,Pig,[null]
98.98398249709564,180.49435974862476,-152.88769242890444,abc5589c-d644-4d61-92da-63e1a67d3e17,minecraft:parrot,true,Parrot,[null]
96.21654593988205,180.0,-151.69377632894262,0f5ac618-5321-44b8-84dd-cb6f4b0e9ecd,minecraft:parrot,true,Parrot,[null]
101.19706326664449,180.0,-153.51656487364548,5a632695-160d-452e-bce7-ce46cded55f0,minecraft:cow,true,Cow,[null]
118.51018730618414,188.0,-148.8577379003813,1b840291-6d68-47b1-a2a5-0ee4e6bee20c,minecraft:frog,true,Frog,[null]
115.31834177692024,184.0,-152.62450924422478,45f51e3f-42aa-474f-ae5c-c61e5a72bce5,minecraft:zombie,true,Zombie,[null]
121.82458615594504,189.0,-144.4342329870885,9765a45c-9867-433d-8f47-12ada68c1172,minecraft:frog,true,Frog,[null]
113.08757172832777,180.0,-146.74250797348566,3d164cd2-842f-4973-b00e-688731940b11,minecraft:frog,true,Frog,[null]
128.47405219457198,179.0,-158.10480500720507,e2f8bcb8-db92-4767-a6aa-09c657488b0c,minecraft:frog,true,Frog,[null]
144.9321888197004,176.0,-147.91045984561555,9a0f692b-76c6-49e7-94d7-51aad9509df5,minecraft:turtle,true,Turtle,[null]
130.61796557731563,178.0,-145.26460050879288,20ea4d25-1364-47f1-b150-3db7ec2495bf,minecraft:frog,true,Frog,[null]
162.02291664481163,170.0,-141.0910342866025,05ba1ea8-be22-403b-a536-76a38a2125a5,minecraft:turtle,true,Turtle,[null]
160.0050487060969,174.0,-130.0245742937856,d753f696-4c2d-4c9c-aca0-acfa9b03370b,minecraft:turtle,true,Turtle,[null]
167.59586165219426,178.0,-115.83102057968232,87cf1ca9-7df5-4270-a290-9b952029c42f,minecraft:frog,true,Frog,[null]
168.93065263372236,180.0,-119.13223136449366,6ad59a24-a449-417a-b666-041250efcd50,minecraft:turtle,true,Turtle,[null]
169.52093007617617,168.0,-126.76799983222078,d0f20920-8651-4ff4-bb83-d14f770d7a14,minecraft:frog,true,Frog,[null]
160.00047749110735,170.0,-101.03843252570759,17f1eced-9481-4f18-83ba-6d2d51821285,minecraft:frog,true,Frog,[null]
165.01618370597066,183.0,-80.52639382019275,24719c44-f0cf-4fde-b6a0-42f4cfe644c5,minecraft:frog,true,Frog,[null]
160.0140454111325,186.99317470550275,-71.98581906240348,b7ccae7d-a52b-4687-9270-0121e6e202fb,minecraft:parrot,true,Parrot,[null]
173.78324633368328,202.0,-53.907797949241946,9e4c02bc-4964-4ab1-99f5-af48913f5000,minecraft:frog,true,Frog,[null]
174.53584802424072,202.0,-55.04006712409968,39060945-09e0-4da0-a57d-e0f85eeb1f72,minecraft:frog,true,Frog,[null]
160.0383460052187,177.0,-62.55000001192093,dc3cf13b-a820-4048-8bfa-69185db818eb,minecraft:pig,true,Pig,[null]
160.01801353615755,178.0,-63.33507263109318,0c22d9e2-3e10-4b66-9bc0-4845b477f5f0,minecraft:frog,true,Frog,[null]
160.01233005501663,182.0,-53.295259710732395,03df4754-3e95-4a30-8dbd-21d3dafe2ff2,minecraft:frog,true,Frog,[null]
167.28013111630963,194.0,-43.91026875529833,8eb58fcf-5363-4ba8-b4c2-dff7d71b9c81,minecraft:frog,true,Frog,[null]
171.12529407122014,193.0,-33.89464661320028,7df56619-ad21-4a62-9ce9-6e41457f9f25,minecraft:frog,true,Frog,[null]
160.0201131122204,187.0,-33.545601628893024,0337eab4-f0db-464d-9b37-77774dc6b9fd,minecraft:sheep,true,Sheep,[null]
160.16648278867348,179.83290640405852,-19.191310212231794,fa062d88-c13c-4073-a021-ba956cbbc3f4,minecraft:frog,true,Frog,[null]
160.0054585066654,178.0,-20.282566773206653,4104c816-1421-40be-9082-b9e01d43d809,minecraft:frog,true,Frog,[null]
160.0060452640211,178.0,-18.49243955272008,504ba911-b6ba-4e87-952a-bc129f294fc1,minecraft:chicken,true,Chicken,[null]
160.06858387294312,179.0,-23.368604531742434,f3e4ff4c-3add-43a2-97df-34aeda1bf110,minecraft:cow,true,Cow,[null]
169.56183968449952,181.0,-4.081328404533775,44e24462-a815-4ccc-a745-c0904da855cb,minecraft:chicken,true,Chicken,[null]
160.03139130596904,175.0,-6.4871826486215465,73f48bc4-26b6-4573-89e0-4ffce3f61cf7,minecraft:chicken,true,Chicken,[null]
160.0139372379926,176.0,-12.2360596545901,4009c838-2634-4591-8081-9f42df6e588c,minecraft:turtle,true,Turtle,[null]
160.00811248154298,174.0,-8.287505780775538,1dfec879-6202-4dc6-8282-7a167679e15b,minecraft:turtle,true,Turtle,[null]
160.07422482647064,177.0,-2.1228892657530984,e97580e5-24ea-4fbc-8ee7-314c34e12016,minecraft:chicken,true,Chicken,[null]
44.49427638574045,119.0,2.4416666626930237,a9863913-c199-48dd-bbf8-eb2c46329bf6,minecraft:sheep,true,Sheep,[null]
32.35000002384186,112.0,15.350000023841858,0a48b9c8-2bfd-41e9-a5df-0b80d98405a6,minecraft:turtle,true,Turtle,[null]
36.02409965901499,117.0,3.525000035762787,fbb8ad85-ff87-488c-8ae1-5a73edc92da1,minecraft:turtle,true,Turtle,[null]
32.35000002384186,112.0,15.350000023841858,9efacf67-236f-4893-a21d-4f5effd2d650,minecraft:turtle,true,Turtle,[null]
33.017701165470726,115.0,17.740865393655724,c1ff21a0-ad66-4310-bd78-2114d666def6,minecraft:turtle,true,Turtle,[null]
54.98771203203548,125.0,2.2666666954755783,539ff813-b649-4bf7-90ac-156953a58fb7,minecraft:turtle,true,Turtle,[null]
115.99339330157193,171.0,10.14375002682209,372cdae0-9e82-4763-9d4d-f37cfb90038f,minecraft:turtle,true,Turtle,[null]
173.48065612847614,180.0,8.228010753133688,89acd9b5-2009-4611-9571-7b625fe322b0,minecraft:sheep,true,Sheep,[null]
172.9630767493758,183.0,10.456628170249102,87334519-bba9-4070-a096-12c0b3f4218a,minecraft:frog,true,Frog,[null]
160.00804008210855,174.0,15.639714470635147,1a27a21b-684d-4d12-8f0a-a76d64d735b3,minecraft:frog,true,Frog,[null]
160.0138741609514,175.0,12.121815925572385,c2b25534-e4a6-4396-ae8d-9202142c7d3c,minecraft:frog,true,Frog,[null]
160.0266694695801,175.0,13.489157742251408,d64b17ba-40c1-43e1-967f-fde194b1a4e4,minecraft:chicken,true,Chicken,[null]
160.05537767474894,175.0,7.851696339716545,1bc6088e-d2a7-483c-bcfb-7a1695951523,minecraft:chicken,true,Chicken,[null]
160.00128280746046,175.0,13.945819029277347,f3d7e596-472f-47ec-9557-f777102caecb,minecraft:frog,true,Frog,[null]
160.02057429753884,175.0,1.9723300465726592,dc5bb440-5e36-46ca-ad6f-7e26cd204538,minecraft:chicken,true,Chicken,[null]
160.08784123452082,175.0,12.728610102863097,80b90c7f-5c01-40b3-b107-b7ef29a6d424,minecraft:chicken,true,Chicken,[null]
160.10267457798452,158.26993812125403,108.6097861908916,f15f468f-45cc-4000-abba-fcdaf3cfe106,minecraft:frog,true,Frog,[null]
78.02619940486557,172.0,-162.85181440378557,546de341-f91c-446e-8aab-ba357e382812,minecraft:turtle,true,Turtle,[null]
119.07945176692053,182.0,-135.9709497776186,fac71273-42ee-470d-a1ad-4b0f13eeffb7,minecraft:turtle,true,Turtle,[null]
126.5,181.0,-163.5,41506ee8-1581-4725-8a5f-ca6880bc7649,minecraft:chicken,true,Chicken,[null]
191.0874113872955,169.0,-145.63510457366783,70cda32b-f63a-44b8-a7f0-c83b4b4357ac,minecraft:frog,true,Frog,[null]
180.446798752709,170.0,-122.59750400967043,66e4f130-0d52-4424-8f2b-a0ab753d99ec,minecraft:turtle,true,Turtle,[null]
180.742655009475,202.0,-67.4999708932285,2db70229-292b-4e38-ac2d-dfc16ea918a4,minecraft:sheep,true,Sheep,[null]
181.55000001192093,207.0,-64.25203522387415,e2b72b5d-d70f-4247-8e4f-5b4a6b1593f5,minecraft:sheep,true,Sheep,[null]
183.0066550176469,201.0,-29.927751775626525,db05fc63-9df0-4a00-a1d7-76a3df704d5c,minecraft:turtle,true,Turtle,[null]
177.52742142257713,189.0,-22.952158343852282,8ba80679-4815-4403-ab83-c4d514b49018,minecraft:frog,true,Frog,[null]
191.02114954327527,188.0,-5.342797561840682,1e6b491f-8594-4654-b04d-43366a0ee98d,minecraft:turtle,true,Turtle,[null]
177.91054511906947,179.0,11.84183901677926,23e3080d-5fb8-4bdc-8d2b-67b49e2b70d0,minecraft:frog,true,Frog,[null]
185.42682218576329,185.0,0.06292105052465306,8725d332-a0e8-4876-ad3e-b2b439588b19,minecraft:turtle,true,Turtle,[null]
60.42744519374586,100.0,24.009832233403124,6e9a39ba-9157-4131-ae5d-8315d9901b78,minecraft:turtle,true,Turtle,[null]
111.02555886303958,176.0,23.67885793218499,25eb8cf7-b0ac-4f3f-9c6f-a20956e8f8d7,minecraft:frog,true,Frog,[null]
124.9273977490044,181.0,27.928741450147044,dcba5272-34d1-4871-8c07-8a4fd0e214d6,minecraft:frog,true,Frog,[null]
130.59556070140528,181.0,30.23659225401921,152d2586-5206-4455-9104-afe2d4d6cba4,minecraft:frog,true,Frog,[null]
113.375690182931,178.0,36.08514801119346,b0b9e8ea-bbd9-4574-ab70-7a2ab5a463e9,minecraft:chicken,true,Chicken,[null]
102.89364478850017,182.0,52.83957315955914,c9bcafa5-fd84-4002-9cdc-642a38448c13,minecraft:pig,true,Pig,[null]
128.31736198506826,187.0,29.76981710716448,55e49987-6aa5-46fa-a2c7-d85186d3ee26,minecraft:frog,true,Frog,[null]
136.88637075752447,180.0,30.465222341715762,c5a20083-7d30-489b-a018-dd806a335716,minecraft:frog,true,Frog,[null]
137.25,177.0,19.20204674105583,d643fdab-8db0-47ee-945d-64cd6c2d4beb,minecraft:frog,true,Frog,[null]
160.0814957742291,173.0,22.850102709303805,dc4bf413-5263-4c56-9f72-83a416d98836,minecraft:sheep,true,Sheep,[null]
160.01058282352338,173.0,29.275562089016017,0af88525-88cb-4c00-9285-9f1b78368cdd,minecraft:turtle,true,Turtle,[null]
160.0649732198369,173.0,27.10822279254719,c19b4c46-3336-4588-8d18-99b394e1e688,minecraft:chicken,true,Chicken,[null]
160.10821401034687,173.0,28.294672338401597,8bedac2a-a249-422a-8a0b-d311b76228a6,minecraft:chicken,true,Chicken,[null]
160.0334285911573,172.0,31.966553077010165,1c61fce1-3ccd-4c16-a387-fe1c201f5d5a,minecraft:cow,true,Cow,[null]
43.043750025331974,128.0,62.00182666790038,6470ff8b-1cdf-4d38-af2e-dbb0ca76b7a2,minecraft:turtle,true,Turtle,[null]
41.091690027918226,145.0,94.8713896437213,04f3d8fa-71c5-46f8-835b-cee174f6b85f,minecraft:turtle,true,Turtle,[null]
96.37188433181919,181.0,56.260477754766704,c69da173-c924-4ce9-ae14-88381458668b,minecraft:sheep,true,Sheep,[null]
80.66034293836799,180.0,69.83266482369167,995242e3-16ef-47ea-b766-d9bf031e46f6,minecraft:frog,true,Frog,[null]
67.55000001192093,177.0,68.44999998807907,08a390ba-e20a-48c2-ab1e-0373cde774dc,minecraft:sheep,true,Sheep,[null]
92.20502626355047,182.0,64.18567453435121,6511e47b-30fa-4353-b952-500c2aacf0c8,minecraft:frog,true,Frog,[null]
76.82284812587493,179.0,64.82711071966348,8ce5d5e1-a4cc-48cf-850d-84ff9d139ce4,minecraft:frog,true,Frog,[null]
64.59166669845581,148.0,124.02714735157925,bf8bc907-c731-480b-ab6c-50fb1560f872,minecraft:turtle,true,Turtle,[null]
113.024568140564,180.0,49.489425165953,c4d265be-1422-4f59-a424-c213734e9070,minecraft:frog,true,Frog,[null]
99.12256513212584,183.0,43.8257430494569,574ce7f1-2d97-4b04-b7a3-01508145ade6,minecraft:frog,true,Frog,[null]
103.16011277907374,185.0,48.215333641252116,e65352de-b56f-4adf-9f66-e201f218c7a6,minecraft:frog,true,Frog,[null]
87.49642001176018,186.0,52.82514800349742,d1b52d4e-7611-4438-bcd5-7512f82537a7,minecraft:frog,true,Frog,[null]
94.30660228343217,182.0,65.54549811112187,1fc3e971-1876-4179-bf82-20d02fd33cc6,minecraft:frog,true,Frog,[null]
80.84248994579832,180.0,56.15781022736412,756ced73-9a70-4087-8bc9-b3a34b48b22c,minecraft:frog,true,Frog,[null]
94.75,181.0,60.88352129627984,2c66bf85-9267-4a2a-9306-e0e73a218c5d,minecraft:frog,true,Frog,[null]
93.49088305411486,181.0,54.51818823789275,58d2c6bd-2304-4e5a-8ab4-3a0ba5b49129,minecraft:frog,true,Frog,[null]
93.89647709726607,182.0,56.07566569284315,5e2e42e3-a9bc-42d7-a925-cc68b1bbf3de,minecraft:frog,true,Frog,[null]
87.23009623178274,180.0,63.634923552736545,4473b7a0-5a18-48b8-baf5-0d9fa40793cd,minecraft:frog,true,Frog,[null]
85.96279225421954,179.0,48.84352609828692,4e396b62-43f1-4b55-bead-f237eec153d1,minecraft:frog,true,Frog,[null]
99.51994548374637,182.0,43.33333845520378,62026768-a6ad-49f6-a677-219a7da54b38,minecraft:frog,true,Frog,[null]
91.77627038504339,183.0,64.89287142655957,a252681c-91d1-45ca-a64c-efb3bf323731,minecraft:frog,true,Frog,[null]
101.70192485118122,181.0,55.3168054346735,aaabc991-c9b8-4666-91cc-fadedf65a541,minecraft:frog,true,Frog,[null]
80.17331419812955,180.0,69.03116412864424,bf54380a-db1c-4730-b7c8-967b08de113e,minecraft:frog,true,Frog,[null]
79.06038614334831,181.0,58.565659099836424,43ad51d6-781c-4b95-b17a-ad0525182e70,minecraft:frog,true,Frog,[null]
91.28986372350924,182.0,75.31917946744906,5ab0c58d-615b-400a-b6d6-f61eebde5997,minecraft:chicken,true,Chicken,[null]
88.79999999701977,182.0,71.79999999701977,a24750cf-6e8c-423a-a15e-8ef6914d193b,minecraft:chicken,true,Chicken,[null]
88.44999998807907,182.0,71.44999998807907,a6c5114a-1f63-4fb4-a25b-4a9d9961ad3e,minecraft:pig,true,Pig,[null]
75.58103459649327,179.0,59.568013026584175,ba6c7991-e8f9-4438-9221-d47a700a82fb,minecraft:frog,true,Frog,[null]
88.79999999701977,182.0,71.20000000298023,57ddcd6d-5d5a-4319-8c7d-04c1123029f4,minecraft:chicken,true,Chicken,[null]
88.20000000298023,182.0,71.79999999701977,f7d9e371-ded0-4c11-9318-87901ca99c50,minecraft:chicken,true,Chicken,[null]
88.20000000298023,182.0,71.79999999701977,ddbff9ec-d450-40a0-b3cf-8e06b939748a,minecraft:chicken,true,Chicken,[null]
91.55000001192093,182.0,74.44999998807907,d9170100-383c-4c8f-9e4a-e80681ab9203,minecraft:sheep,true,Sheep,[null]
88.79999999701977,182.0,71.79999999701977,b4ff6704-729d-4bc4-a471-1f19452eb905,minecraft:chicken,true,Chicken,[null]
96.92289856925723,182.0,51.467186800286946,8f386233-2ef8-4297-83f7-753250a477e4,minecraft:frog,true,Frog,[null]
80.98958333209157,177.0,78.20000000298023,229ad78f-551c-4e4c-8d32-ec0395dc33ed,minecraft:chicken,true,Chicken,[null]
88.79999999701977,182.0,71.20000000298023,6c4f41b6-8aa0-4167-b644-730836c4a7fe,minecraft:chicken,true,Chicken,[null]
88.44999998807907,182.0,71.44999998807907,ad5aa05e-935a-442f-8e8b-e936a9c45e81,minecraft:pig,true,Pig,[null]
86.9053742167651,182.0,57.530048062992954,8f023ff6-75d0-416d-8a85-994e4d07db24,minecraft:frog,true,Frog,[null]
-127.13909706434806,129.0,88.59359774493082,07e219b5-18c0-46b4-a7a6-f848d7b831fa,minecraft:frog,true,Frog,[null]
-70.48235397480845,133.0,142.95677652158813,a611e2ed-87ee-4500-8059-ced9c9f45764,minecraft:frog,true,Frog,[null]
126.60084756528472,180.0,42.36255751125693,f0c0386c-7eff-4804-b9fe-0bf2980f9920,minecraft:frog,true,Frog,[null]
101.45978627388311,179.0,64.34283730307902,786913f2-0978-4e0b-adf1-1422381213b9,minecraft:frog,true,Frog,[null]
92.25,180.0,52.1064510467323,298b8e78-58e9-470a-965f-997e14e72ce6,minecraft:frog,true,Frog,[null]
92.95971747597439,136.0,116.68958331644535,38828286-f05e-430e-9cad-cd1d70a08092,minecraft:turtle,true,Turtle,[null]
93.5,143.0,145.5,1951edd0-0f7b-474e-b5a2-b70bf3b3ddbf,minecraft:turtle,true,Turtle,[null]
99.46056214621443,182.0,45.06149551064559,25fb9aab-574f-4833-b440-861f21dcd300,minecraft:frog,true,Frog,[null]
99.16651206932883,183.0,48.29112271859128,02c83f05-d33d-4788-8219-a21204786f1d,minecraft:frog,true,Frog,[null]
120.59894101321312,179.0,52.2244888932048,ad6dce47-fa3e-437a-a4ac-bcea727bd015,minecraft:frog,true,Frog,[null]
96.7196315547691,180.0,54.5823945171728,84dca5ff-a113-4567-a6e0-122a8dd6ff0c,minecraft:frog,true,Frog,[null]
123.21639529907486,182.0,24.153171373207158,9562f4a2-b5c5-4dbc-b38e-83facac53c06,minecraft:frog,true,Frog,[null]
113.2189817933724,179.0,50.79427749218841,152f7125-0e5a-4e38-8407-02843c7b3059,minecraft:frog,true,Frog,[null]
111.1930268359577,182.0,44.26535528990631,1bc5410b-c58e-4ed6-9980-a7dad6a0dfd3,minecraft:frog,true,Frog,[null]
110.10628838035831,182.0,46.6517338462787,fff7b49c-f079-40f0-9bf1-9fe8bf7bfd52,minecraft:frog,true,Frog,[null]
86.31431910125134,180.0,63.35062758038443,979b3b1e-1579-4833-8773-2ffbfa4b43d2,minecraft:frog,true,Frog,[null]
96.15329496393369,182.0,49.85741374239499,091bc0d1-afa4-47ec-a108-2af28d04af71,minecraft:frog,true,Frog,[null]
101.61455926827114,181.0,59.03079388850937,806dd6b5-3647-4f2f-bf8b-25e13ea1eaf0,minecraft:frog,true,Frog,[null]
105.5342806275204,183.0,51.47149871492302,4e0764d0-15a3-4dc7-96fb-b3316872f377,minecraft:frog,true,Frog,[null]
108.62282848507603,183.0,42.52439144504618,b0a325d3-e502-4438-b168-55917b50c7a6,minecraft:frog,true,Frog,[null]
85.62661421141945,184.0,73.45596128981346,bb5c3869-4b40-43c8-9ff1-a53228ee00c7,minecraft:frog,true,Frog,[null]
104.03114976219904,183.0,50.80685154231663,73f9c240-60c0-4395-9f3a-217ac6b5b206,minecraft:frog,true,Frog,[null]
112.38961616628647,178.0,36.508598182427974,f3d2af37-1c79-47cd-a4c2-163382d146be,minecraft:frog,true,Frog,[null]
100.92210905830088,181.0,54.14545278550687,f402b765-e1fd-4fce-ad61-17ad85e44d7c,minecraft:frog,true,Frog,[null]
98.90349231483916,180.0,61.82723616889479,e24987c9-c3e9-4ee1-9bbc-7c4e42dfd066,minecraft:frog,true,Frog,[null]
103.32374279596763,184.0,40.623243500112416,3e1d7df7-6b31-497e-80e9-5e80b4524daf,minecraft:frog,true,Frog,[null]
91.0155767792084,181.0,57.96442467040275,fdb09fc2-e086-4aef-9c59-7e21fe2bd840,minecraft:frog,true,Frog,[null]
92.65407621221811,182.0,56.22924741292941,20f1f56b-8797-4ca3-b23f-4539e60cd2a6,minecraft:frog,true,Frog,[null]
100.5,136.0,117.5,6a211a47-2c00-4526-b5a9-17b04ad37967,minecraft:panda,true,Panda,[null]
108.93291393490216,134.0,121.65624997764826,b7d32cd1-31d7-42e1-afd8-ae5b75ab758e,minecraft:turtle,true,Turtle,[null]
128.706781738625,179.0,41.13547818415065,81432ec5-514c-4fd5-9368-03122d74fd98,minecraft:frog,true,Frog,[null]
125.97437592010182,181.0,43.683879604923696,d84d9b13-0a03-4789-978e-42935dc10113,minecraft:frog,true,Frog,[null]
123.35320657661588,179.0,38.90174939227085,123c7f6a-4712-49dc-9276-4fbfd6a090bc,minecraft:frog,true,Frog,[null]
111.71619878091114,179.0,54.231399170560486,35ae9a3f-a891-46e4-a5ab-b3b4d8b56cc4,minecraft:frog,true,Frog,[null]
131.32952011015718,181.0,21.36041555865897,0966822e-4891-4a15-ba3c-77a448471a29,minecraft:frog,true,Frog,[null]
48.31359089663822,138.0,162.0634356745878,0e620e55-928d-4ef8-9332-66a1e6153e6e,minecraft:frog,true,Frog,[null]
40.07552257534248,135.0,145.9954229201016,8261eec3-c68c-4b7c-9f39-fa60ad000331,minecraft:turtle,true,Turtle,[null]
47.99168264577603,150.0,182.33287131722327,a7d19374-ff82-4415-8de4-ba66274c2cdb,minecraft:turtle,true,Turtle,[null]
42.62194807404443,136.0,147.44073250526964,6155bc14-3df2-4fe8-8be9-18a0d07f58cc,minecraft:frog,true,Frog,[null]
71.91472128265386,167.0,173.08967151227154,94f8c44d-50c6-4755-b7d1-2147bec16f52,minecraft:frog,true,Frog,[null]
76.36979506810309,160.0,160.00091698963382,8d4f6064-834c-4cf0-be4e-71a20d7dd8a0,minecraft:frog,true,Frog,[null]
80.43236765033676,176.0,180.1886861618511,dc94b000-90d4-4637-b532-7c66fc1e24a8,minecraft:creeper,true,Creeper,[null]
77.16307213376292,164.0,165.02460045622936,cd64d780-84db-45ec-88c9-997536eead02,minecraft:frog,true,Frog,[null]
84.35075777051212,176.0,178.86058153311882,16acebfd-032b-4526-9f0a-f1b9b8f87e69,minecraft:frog,true,Frog,[null]
89.09668729881494,138.0,138.90547662959443,3017e30f-b496-4050-8bb2-ec723288877d,minecraft:turtle,true,Turtle,[null]
104.14059571470746,152.0,161.70860038147117,3a606723-3297-49c6-b3dd-a0d5ebbc7626,minecraft:frog,true,Frog,[null]
93.868461397154,173.0,181.49409127225294,19acec4b-4ffd-4d17-933b-310b44854726,minecraft:chicken,true,Chicken,[null]
111.38640265020203,151.0,161.24644101624125,e56f08cc-83e7-4f3b-985f-26d56dd974f9,minecraft:frog,true,Frog,[null]
127.08753407857492,146.0,169.07769253178165,7e6af6b7-f189-4d8a-add6-19e9cac4c75d,minecraft:frog,true,Frog,[null]
136.25341311955174,145.0,165.49591630610138,f72c36e8-d97a-4359-b147-6728da119c57,minecraft:pig,true,Pig,[null]
129.41909771019306,143.0,162.35000002384186,a68d6292-ddc8-4ab4-beeb-ad7dea6340cb,minecraft:panda,true,Panda,[null]
160.0628304405774,171.0,40.54951546266393,418c56af-c2ca-47d4-a7f8-c96fcf177b13,minecraft:chicken,true,Chicken,[null]
160.08617138285516,172.0,36.1103825009181,4ee7f575-24a5-433e-a37f-fc279d00536c,minecraft:chicken,true,Chicken,[null]
165.67302052586146,165.0,63.804542870713696,15cfeed6-e795-42d3-a912-2c838b9d9198,minecraft:turtle,true,Turtle,[null]
160.00958974030934,166.0,56.881626993492205,22f80dc1-b2d1-4543-ac5c-6b2b2788a4f4,minecraft:turtle,true,Turtle,[null]
160.0836351479436,161.0,76.91636795173035,9ada0281-c3cb-4ba0-9441-21922b3898b8,minecraft:turtle,true,Turtle,[null]
160.01971499434438,163.0,70.22139034177614,94888b74-63dd-49a6-9a88-73c441a1fa7f,minecraft:turtle,true,Turtle,[null]
160.00347184033586,164.0,65.83018307315929,00e95522-b506-4574-9603-45f48735d00e,minecraft:turtle,true,Turtle,[null]
160.00409648780536,164.0,69.56899821728238,50e4822e-d725-4cb2-8a9c-b61fa7ca530f,minecraft:turtle,true,Turtle,[null]
160.00241648701325,162.0,75.01851655938017,4d338ad9-57d0-4cb6-80bd-e49f36c86fc7,minecraft:turtle,true,Turtle,[null]
161.52567554065084,161.0,80.59060241990439,c72ad577-fdf2-4307-aa55-296e11a9aa1e,minecraft:frog,true,Frog,[null]
172.03023034488055,179.0,93.6999428616781,f519004c-fccd-49a2-bc14-d6dc9fd0b228,minecraft:frog,true,Frog,[null]
169.68980452311584,178.0,91.6903587954609,4cef2685-b06f-4c48-a779-98bb9f1f663b,minecraft:chicken,true,Chicken,[null]
167.7421870456183,175.0,93.210620921547,4ad89fa3-51c0-41d4-ad44-71db9485ca89,minecraft:frog,true,Frog,[null]
160.00970877600392,162.0,81.99044606484753,e97119c8-2d8a-4b10-98c6-2d6b5f594f7d,minecraft:turtle,true,Turtle,[null]
162.39939120666577,159.0,110.6887002578703,146e33ce-c297-43a4-b9fd-269e48904b9b,minecraft:chicken,true,Chicken,[null]
162.65142730363644,173.0,96.02815408321707,132408fb-ead8-4ef5-8f6e-6e47fa724f69,minecraft:frog,true,Frog,[null]
160.0320729252433,173.0,96.70951356964692,a37b569a-246f-4c32-9987-e6d83e9fd397,minecraft:frog,true,Frog,[null]
173.5,175.0,126.5,363994fe-b716-471d-9f1f-699a41c1487d,minecraft:turtle,true,Turtle,[null]
169.5,169.0,116.5,f7858f10-ca0d-4747-94fa-fecb2443c406,minecraft:turtle,true,Turtle,[null]
160.61240641199777,155.0,117.7303065514996,a1c518f3-30df-487e-a708-dc703d178f5f,minecraft:frog,true,Frog,[null]
167.2357790195192,165.0,130.58537642294132,4d263770-c011-49d8-9c8c-e704c82a7741,minecraft:pig,true,Pig,[null]
160.29064093444973,153.0,132.5399624655631,0673f6b6-2dc9-4ef8-9fd2-ea8fe636a755,minecraft:chicken,true,Chicken,[null]
160.0892076102756,154.0,128.7677042672437,912a9b24-25ba-459e-92a3-a13dc0df5639,minecraft:frog,true,Frog,[null]
45.327794197481126,152.0,185.17913598638881,3a3252f0-63da-4abd-a4d9-11e09695a36a,minecraft:frog,true,Frog,[null]
51.5,158.0,183.5,3d23c540-8e92-40c2-ade7-1d2b8db54dbb,minecraft:frog,true,Frog,[null]
33.106610081230826,146.0,104.71272925053135,931a7070-ef3c-4ecf-9f23-cb6a06981acd,minecraft:frog,true,Frog,[null]
71.50845214484903,176.0,189.29896720022262,5f626065-9c7d-42f3-bf89-7019c2185c9c,minecraft:pig,true,Pig,[null]
87.32302191215868,173.0,177.3374749984933,2bc65333-f649-4a9f-a49f-de6a7f8a16e3,minecraft:chicken,true,Chicken,[null]
96.50222243189543,165.0,178.40253885234011,6817cdc7-e5c5-4a6d-906f-a56281f5c7ab,minecraft:frog,true,Frog,[null]
125.40177414817764,151.0,184.16651779379606,30b74fd6-bd2e-45d9-86ad-e7a1cbb79796,minecraft:chicken,true,Chicken,[null]
160.45687083226676,147.0,179.58241928902868,8d2d4ea7-e3f9-46dc-b2f4-717b06e83476,minecraft:frog,true,Frog,[null]
185.90016266074792,172.0,40.099662496656485,ea331c36-6be7-47c7-8ca7-d59431bbbaeb,minecraft:turtle,true,Turtle,[null]
185.59954105647392,170.0,48.916579023758146,d16725fb-3b33-482a-aec3-e079f83fd05c,minecraft:frog,true,Frog,[null]
186.78196912409692,170.0,49.90051330127505,2fd072ea-15ca-46ce-b61d-69309bf1f3ab,minecraft:frog,true,Frog,[null]
184.5566561209117,187.0,89.30882961662192,5fcaa4f4-859f-4648-b8ca-782b05acc212,minecraft:frog,true,Frog,[null]
177.32623297448484,185.0,93.85394147813243,affc5f57-ea0a-4084-940a-66d328cb047a,minecraft:chicken,true,Chicken,[null]
189.57471930587832,180.0,105.96152120890324,7ee9274c-8ea9-4e18-b56b-c207bb1147c9,minecraft:frog,true,Frog,[null]
185.46848006138725,192.0,123.29636181236879,505dff48-ea70-46f7-a0d4-c27547164284,minecraft:pig,true,Pig,[null]
182.5,183.0,131.5,678b69ad-1265-4f95-b8d1-7216bac8b654,minecraft:frog,true,Frog,[null]
-173.7772871170106,130.0,87.47568835515777,70cab6b8-8a61-43d4-a4f8-aca8b052c7bb,minecraft:sheep,true,Sheep,[null]
-144.05555785017924,134.4212046063685,21.778510993567593,baa17166-fe57-477a-960d-568bb161e4e6,minecraft:frog,true,Frog,[null]
91.39997972513636,184.0,-172.91674387387357,c211a41a-387c-4a2d-83ce-27d58e82541c,minecraft:frog,true,Frog,[null]
142.3574451072442,160.0,100.28658570652863,0ede67aa-bde3-4961-b3a8-1135a7d4b00c,minecraft:frog,true,Frog,[null]
173.5,177.5,-156.5,f0bcadfa-7624-46c8-a1e7-3fff9faf05b2,minecraft:tadpole,true,Tadpole,[null]
28.62415120030911,138.0,87.72492995569134,3244765b-37ef-42d2-bc63-5866be37644c,minecraft:frog,true,Frog,[null]
-144.0132327980693,132.0,18.941797423713393,37f6ff1b-d254-418e-80ec-31f4d80ac0b5,minecraft:frog,true,Frog,[null]
0.46197775805592856,112.0,160.0100436222079,f18e6126-a2f8-4819-93a9-e1539aade1a6,minecraft:turtle,true,Turtle,[null]
-150.5166015625,140.0,133.8623046875,bf2dfb62-100a-4d91-b4eb-e4da1a1699ba,minecraft:item,true,Egg,[null]
-84.12729357281985,143.0,108.51038499304966,65e477eb-44e9-4baa-aacf-d32dd45637ce,minecraft:chicken,true,Chicken,[null]
-91.81836499975726,134.0,98.67540897024035,641b8556-e610-4442-988f-a50eae669cd4,minecraft:frog,true,Frog,[null]
-171.24181092306267,135.0,165.03819106497292,a3bf5c29-d2b9-469e-929e-499ae9df0af7,minecraft:turtle,true,Turtle,[null]
-144.0336799458259,128.0,78.9533987150111,c2915008-52f2-42a7-8de2-5f60e526f7c3,minecraft:pig,true,Pig,[null]
97.47870780776074,164.0,82.46749961890637,b7c8e146-0f8d-40aa-987d-5f13a1793687,minecraft:frog,true,Frog,[null]
9.337614773354655,144.0,-18.91902050314258,819b2b75-8e20-4805-8b18-df415233833f,minecraft:turtle,true,Turtle,[null]
121.26796488361921,179.0,32.22606417573995,fbefe9cc-edd9-4954-a271-97953c253c09,minecraft:zombie,true,Zombie,[null]
168.5,175.5,-146.5,8f2f5399-5b6e-4d2d-83ae-591eb4e935a7,minecraft:tadpole,true,Tadpole,[null]
140.41289094821272,184.0,-117.3120922441019,7e16f4e6-0899-4800-8dd0-49082579f21c,minecraft:frog,true,Frog,[null]
119.1893450956148,179.0,-41.13896603740167,d330068c-4bfd-4b48-802c-2936c808e451,minecraft:frog,true,Frog,[null]
127.20495059974235,162.0,-14.656334154478182,0fe5476d-7570-4c03-af1b-0268fc0d2e6d,minecraft:frog,true,Frog,[null]
47.72136006650315,141.0,88.18528819079596,340ea48c-9058-48a3-8651-d5aaaea67f0b,minecraft:frog,true,Frog,[null]
-62.321725227055815,135.0,160.00626110297722,40ac59c9-3880-4414-ac4b-59e9ee29ad10,minecraft:turtle,true,Turtle,[null]
-96.58378176803656,111.0,-14.797179412492426,c9e2f9c6-ef11-4883-91ab-6566eeb79d2b,minecraft:turtle,true,Turtle,[null]
-97.93298465046777,111.0,-15.398607299807905,9a2276a7-d10b-478d-9516-2af2074052ab,minecraft:turtle,true,Turtle,[null]
-89.99872098304783,173.0,-144.0756859218407,ab558fda-de84-4fa5-80ac-1128500a10fc,minecraft:frog,true,Frog,[null]
-82.11749390351413,141.0,106.51252237307119,0c3f7548-c9e7-42c3-aad7-c8dacd59e7ad,minecraft:frog,true,Frog,[null]
-91.042386549136,147.0,114.57584336812916,0c7989d9-119c-4248-999d-934f8f16b7fd,minecraft:frog,true,Frog,[null]
-104.68094874942894,155.0,-77.61505117045633,19974f29-22ce-40b3-8087-e7acfbe8c156,minecraft:frog,true,Frog,[null]
-62.87462605560882,103.0,10.793261926773006,34e94868-c6cf-453a-9ae7-5117ef1fd5f9,minecraft:turtle,true,Turtle,[null]
-43.60214430527951,165.0,-144.00163184848498,3ebb2a6c-fef3-437c-853a-08c8ce2c7b40,minecraft:frog,true,Frog,[null]
-87.36935210435361,127.0,81.00181551818011,2e55589c-4b18-4b34-9382-8dbd0a4b25f2,minecraft:frog,true,Frog,[null]
11.072964079394506,138.0,-116.01327878978134,ae1b0a3b-4e86-405c-a407-85894b918145,minecraft:turtle,true,Turtle,[null]
-80.49859450433556,139.0,100.17114394840576,9b125220-248e-4f1c-b1a7-088541168d51,minecraft:sheep,true,Sheep,[null]
-131.91179737747876,165.0,-118.93994208601454,56aa5549-eae2-4e0e-92ff-b4c1c5bc9d57,minecraft:turtle,true,Turtle,[null]
-88.04273532894976,146.0,116.4032051116544,c893612a-4da0-42b4-a15e-3d60146655f1,minecraft:frog,true,Frog,[null]
-74.53790398772968,118.0,65.4466006723348,a492b6a6-8429-418a-b312-0234f07f1b0c,minecraft:frog,true,Frog,[null]
80.50211058871042,158.0,-42.25507782657488,254bc41d-0497-4834-a293-6bf7ad04265e,minecraft:sheep,true,Sheep,[null]
-54.50577568035237,152.0,-102.8754955042886,81c0fb7f-cd8a-440e-a2dd-bf7d651e75c9,minecraft:chicken,true,Chicken,[null]
58.180640289391505,135.0,42.02461598265074,fb82d0a7-0593-4ea4-95f1-af75d67e8073,minecraft:frog,true,Frog,[null]
-133.59100215201337,166.0,-119.07473311395773,ceee1956-8130-456a-9ee3-95ece2cadba8,minecraft:turtle,true,Turtle,[null]
-131.02526937372278,164.0,-110.33455049385529,bed57cea-0a24-45af-b359-d39888f5d640,minecraft:turtle,true,Turtle,[null]
-16.88526144056745,117.0,102.85702712140254,7752a7d3-0184-42ab-9e9e-371007dd8a7e,minecraft:turtle,true,Turtle,[null]
92.50011628369784,176.0,-85.89375503706246,372541e0-77f0-4a88-8c91-e48723dab33f,minecraft:sheep,true,Sheep,[null]
88.28076171875,182.0,71.125,b7baf430-ec53-42bf-a8a8-dfea2300943c,minecraft:item,true,Egg,[null]
-144.01307526306366,142.0,-0.942243523793048,7076b786-5328-4116-a783-7134cf08f2d3,minecraft:frog,true,Frog,[null]
-57.274353225850184,131.0,138.33879382833982,16808687-24cb-4a70-9f5c-4f9fcf2ef9d3,minecraft:turtle,true,Turtle,[null]
-99.79475239656792,110.0,33.332655076548555,8b3e88ed-9020-4b62-8fe7-fd9d932433a1,minecraft:frog,true,Frog,[null]
51.47877496973022,143.0,86.46958930228384,ff409a2d-89ff-4590-8475-42d35f3f3f61,minecraft:frog,true,Frog,[null]
38.09993242406042,147.0,105.82439975384834,155cb061-17a1-47d2-a12e-e275ff96fe0b,minecraft:frog,true,Frog,[null]
-31.45930167723254,129.0,-32.744152542432246,ac51af6d-1c70-43ba-ab0a-b4d2f3226cee,minecraft:sheep,true,Sheep,[null]
-114.93968583467063,119.0,80.4944779416643,5d13c0f1-fc6e-43d0-b504-410ef4566e05,minecraft:frog,true,Frog,[null]
-66.3573604196073,127.0,86.39704317885369,f9cc268d-d2a4-4cbe-8918-b86191e26a4a,minecraft:chicken,true,Chicken,[null]
-78.25339471096825,168.0,-135.49439328661938,afea020b-3989-451d-9a75-dc1beae995ed,minecraft:pig,true,Pig,[null]
-150.5,132.5,172.5,4027898b-3d15-4f87-be2c-c693ccc0af78,minecraft:sheep,true,Sheep,[null]
-54.11559743000498,130.0,98.32696403029749,97dcfb5f-407f-4016-b08e-f5e0678a6d5b,minecraft:chicken,true,Chicken,[null]
91.52097168531962,142.0,0.5513394568687014,b3310c9c-8bcf-4a80-82b9-59425435f10f,minecraft:frog,true,Frog,[null]
-22.506768022686728,142.0,-49.757450796252726,66457d57-39c7-4508-8afd-e3ee3050348b,minecraft:sheep,true,Sheep,[null]
-69.8751111996685,133.0,142.59540366800087,420c5b54-b2b9-40b5-9717-ec9d480c7423,minecraft:chicken,true,Chicken,[null]
37.125,169.0,-36.125,c2a91d69-c895-4b79-b609-7c220f1dba2c,minecraft:item,true,Egg,[null]
62.20180760923276,160.0,-110.21771961646252,c80573c7-8a9d-4e68-9c7b-171cc0e52768,minecraft:turtle,true,Turtle,[null]
132.98857278137774,179.0,-144.07484153305293,e62be44f-4a18-48a5-959d-d620962ea608,minecraft:parrot,true,Parrot,[null]
-10.080190711359098,144.0,-122.7744599518258,af20c1c3-9549-42a4-b069-b598f00ba68b,minecraft:turtle,true,Turtle,[null]
-90.14046313366747,121.0,69.09428622728429,effd1b24-0da9-4f03-8a9d-9bf86972c761,minecraft:chicken,true,Chicken,[null]
135.50005641826763,185.0,-122.26889274759873,b2e5596b-3662-4fb2-a46e-d16c6153d804,minecraft:sheep,true,Sheep,[null]
39.26876081211327,144.0,90.50962052032438,b5751a32-7ee0-43fd-bcdd-e82c4786fb2c,minecraft:sheep,true,Sheep,[null]
54.62990263530586,131.0,45.40681457842225,319cc683-ef1f-4b84-8c41-d1840d462e18,minecraft:frog,true,Frog,[null]
-105.56259384119558,166.0,-116.59842931245431,90c8a03d-6db1-4fff-9d09-d0094558b606,minecraft:turtle,true,Turtle,[null]
47.0106671334532,141.0,-119.9185416825306,debf527a-8f20-4d41-b8b4-2090ace2ed87,minecraft:turtle,true,Turtle,[null]
53.480582900218785,136.0,-16.607014870868987,948485a2-72d2-48c2-93e5-2aa7f188af74,minecraft:chicken,true,Chicken,[null]
66.52914130405411,140.0,32.547367692598804,de0077c4-4257-4f1e-bdc8-ab5b7a8a78d4,minecraft:chicken,true,Chicken,[null]
-104.91994413918141,108.0,40.93911026981688,be77d972-e7fb-442c-83de-c22b428d2c47,minecraft:turtle,true,Turtle,[null]
94.54804938688346,171.0,-86.94346294538862,a4423e77-3b9c-4692-9295-89d2bf2761ed,minecraft:frog,true,Frog,[null]
-43.99818723061897,121.0,99.01657251760786,f5f71aa1-0dd7-4bbe-9fdb-c0db9c146131,minecraft:frog,true,Frog,[null]
-44.66601538328663,121.0,97.23055819662476,c3661b54-dc2e-48e0-81f9-0e3e82419a50,minecraft:frog,true,Frog,[null]
57.29488676510422,181.0,-81.14373680955578,3799db20-c650-465d-870a-2ce2c614de1b,minecraft:sheep,true,Sheep,[null]
-143.62363416627204,172.0,-130.49686329121727,f97aebeb-5a69-4fed-8d5c-9f38d00230e1,minecraft:frog,true,Frog,[null]
-53.72804579545523,150.0,-87.07839446330297,25d6b7bd-3940-4584-9396-27606e6d500d,minecraft:frog,true,Frog,[null]
95.44951902156872,141.0,-12.150087453875956,59df7970-d244-49ce-bdcc-7345afa67d28,minecraft:frog,true,Frog,[null]
135.72832421633998,155.0,93.86891017935527,e2a492b4-ae5d-40f3-aa9c-d6eb58b93dbf,minecraft:frog,true,Frog,[null]
3.686158649313768,123.0,115.12748110310518,719261fb-d29a-4a1b-94ab-3b63df58cb39,minecraft:frog,true,Frog,[null]
36.32394602386671,147.0,103.0236419672739,b5ffaad0-fb59-4ab7-8c7b-32063915b461,minecraft:chicken,true,Chicken,[null]
-12.008603884114303,112.0,132.66202522416296,3d6c2467-1574-470c-8647-da53a722b966,minecraft:turtle,true,Turtle,[null]
-148.5,190.5,-109.5,a20ddbf3-b2ba-4024-a4db-8ca43213b38c,minecraft:frog,true,Frog,[null]
-28.71813114653357,133.0,-31.305353829823794,84610764-3d12-41e8-8afd-827da7b97cc0,minecraft:chicken,true,Chicken,[null]
11.606379438321877,145.0,-19.48854778524793,3bc05205-3059-4e1c-810a-55cbc86c96c4,minecraft:chicken,true,Chicken,[null]
104.19438353106494,166.0,-47.558527012761054,88f3b6ea-4816-4027-8120-00a4c77682cb,minecraft:sheep,true,Sheep,[null]
-25.78661255579369,133.0,-81.31797965690365,a83b8196-ccb7-49dc-bb4f-e4431587a601,minecraft:chicken,true,Chicken,[null]
-59.98754379952634,132.0,128.42370294103037,51162528-24ef-4a8b-be51-dd77d92354e3,minecraft:turtle,true,Turtle,[null]
33.957523449624986,135.0,-18.915149035073394,0f8ebf75-084e-4548-908e-cdb06b2b0911,minecraft:turtle,true,Turtle,[null]
-150.5,189.5,-98.5,79bdda93-381a-4525-8303-7b74a3516774,minecraft:frog,true,Frog,[null]
-10.78296835391078,145.0,-53.251193108330604,cb8c182d-e283-4e4e-9387-f278ccccdc0b,minecraft:frog,true,Frog,[null]
160.08685667302817,173.0,96.01295821539105,192890cf-b5a1-4ac5-ad9d-bf6f36a1626d,minecraft:chicken,true,Chicken,[null]
160.03537164975563,173.0,90.4866221772206,07f3b187-63f3-4628-889e-a103a5d7021b,minecraft:chicken,true,Chicken,[null]
160.04804809013504,173.0,90.52648284670855,98da0407-f45d-467b-a82e-4fd7dc09b5ee,minecraft:chicken,true,Chicken,[null]
-144.00036485536734,143.0,-22.991326042425992,2a544699-1922-4661-803c-2e09748371d5,minecraft:turtle,true,Turtle,[null]
-129.44929430085702,170.0,-132.35863096673867,a20c77e6-090f-49b2-b6b6-93c5f5dcdbc8,minecraft:frog,true,Frog,[null]
145.97515057555364,176.0,-2.6959895738228536,2ce5b3fe-307a-47c4-8ad3-ba1dc13f3ef7,minecraft:frog,true,Frog,[null]
42.874797316717164,141.0,87.0866830299885,27aa1d11-420b-4552-9337-ead069e2c54d,minecraft:chicken,true,Chicken,[null]
31.53420426262965,137.0,85.21257590900751,57a2b61d-d5dc-4a52-8623-8eb175cfc986,minecraft:chicken,true,Chicken,[null]
29.544068645400394,141.0,112.92415032023736,cad94baa-9217-4815-b350-27a7f747aa58,minecraft:chicken,true,Chicken,[null]
-153.5,136.5,165.5,b5bcdf54-02a7-42c0-967c-079541104e8a,minecraft:sheep,true,Sheep,[null]
-120.92120626832664,169.0,-126.97810588758185,7056bdfc-1076-4e2c-b71d-d28be9f5fa7c,minecraft:turtle,true,Turtle,[null]
-24.40264239237849,132.0,-24.3626588349897,e60c658f-cc80-4c90-a21d-3eae144a1f6e,minecraft:frog,true,Frog,[null]
-32.522029950217394,119.0,-11.669445101577848,d5fa60c2-b0b7-4617-999a-329b8ec098d1,minecraft:frog,true,Frog,[null]
2.5,113.5,166.5,cc61adb4-bcdf-4eb5-97f1-ade918c584b6,minecraft:zombie,true,Zombie,[null]
107.76770238350808,176.0,-110.26354590540075,2ea2013a-228d-4ddb-80fc-143e770fa45e,minecraft:frog,true,Frog,[null]
-134.95068359375,142.0,119.843017578125,7493376a-28eb-4f36-9db0-3937dac4a2cd,minecraft:item,true,Egg,[null]
113.8505859375,178.0,35.66845703125,3d8cd0f9-15f2-48f9-983a-3bb999929dde,minecraft:item,true,Egg,[null]
